Date,DateKey,Year,Quarter,Month,MonthName,YearMonth,Day,DayName,WeekOfYear,IsWeekend
2023-01-01,20230101,2023,1,1,Jan,2023-01,1,Sun,52,1
2023-01-02,20230102,2023,1,1,Jan,2023-01,2,Mon,1,0
2023-01-03,20230103,2023,1,1,Jan,2023-01,3,Tue,1,0
2023-01-04,20230104,2023,1,1,Jan,2023-01,4,Wed,1,0
2023-01-05,20230105,2023,1,1,Jan,2023-01,5,Thu,1,0
2023-01-06,20230106,2023,1,1,Jan,2023-01,6,Fri,1,0
2023-01-07,20230107,2023,1,1,Jan,2023-01,7,Sat,1,1
2023-01-08,20230108,2023,1,1,Jan,2023-01,8,Sun,1,1
2023-01-09,20230109,2023,1,1,Jan,2023-01,9,Mon,2,0
2023-01-10,20230110,2023,1,1,Jan,2023-01,10,Tue,2,0
2023-01-11,20230111,2023,1,1,Jan,2023-01,11,Wed,2,0
2023-01-12,20230112,2023,1,1,Jan,2023-01,12,Thu,2,0
2023-01-13,20230113,2023,1,1,Jan,2023-01,13,Fri,2,0
2023-01-14,20230114,2023,1,1,Jan,2023-01,14,Sat,2,1
2023-01-15,20230115,2023,1,1,Jan,2023-01,15,Sun,2,1
2023-01-16,20230116,2023,1,1,Jan,2023-01,16,Mon,3,0
2023-01-17,20230117,2023,1,1,Jan,2023-01,17,Tue,3,0
2023-01-18,20230118,2023,1,1,Jan,2023-01,18,Wed,3,0
2023-01-19,20230119,2023,1,1,Jan,2023-01,19,Thu,3,0
2023-01-20,20230120,2023,1,1,Jan,2023-01,20,Fri,3,0
2023-01-21,20230121,2023,1,1,Jan,2023-01,21,Sat,3,1
2023-01-22,20230122,2023,1,1,Jan,2023-01,22,Sun,3,1
2023-01-23,20230123,2023,1,1,Jan,2023-01,23,Mon,4,0
2023-01-24,20230124,2023,1,1,Jan,2023-01,24,Tue,4,0
2023-01-25,20230125,2023,1,1,Jan,2023-01,25,Wed,4,0
2023-01-26,20230126,2023,1,1,Jan,2023-01,26,Thu,4,0
2023-01-27,20230127,2023,1,1,Jan,2023-01,27,Fri,4,0
2023-01-28,20230128,2023,1,1,Jan,2023-01,28,Sat,4,1
2023-01-29,20230129,2023,1,1,Jan,2023-01,29,Sun,4,1
2023-01-30,20230130,2023,1,1,Jan,2023-01,30,Mon,5,0
2023-01-31,20230131,2023,1,1,Jan,2023-01,31,Tue,5,0
2023-02-01,20230201,2023,1,2,Feb,2023-02,1,Wed,5,0
2023-02-02,20230202,2023,1,2,Feb,2023-02,2,Thu,5,0
2023-02-03,20230203,2023,1,2,Feb,2023-02,3,Fri,5,0
2023-02-04,20230204,2023,1,2,Feb,2023-02,4,Sat,5,1
2023-02-05,20230205,2023,1,2,Feb,2023-02,5,Sun,5,1
2023-02-06,20230206,2023,1,2,Feb,2023-02,6,Mon,6,0
2023-02-07,20230207,2023,1,2,Feb,2023-02,7,Tue,6,0
2023-02-08,20230208,2023,1,2,Feb,2023-02,8,Wed,6,0
2023-02-09,20230209,2023,1,2,Feb,2023-02,9,Thu,6,0
2023-02-10,20230210,2023,1,2,Feb,2023-02,10,Fri,6,0
2023-02-11,20230211,2023,1,2,Feb,2023-02,11,Sat,6,1
2023-02-12,20230212,2023,1,2,Feb,2023-02,12,Sun,6,1
2023-02-13,20230213,2023,1,2,Feb,2023-02,13,Mon,7,0
2023-02-14,20230214,2023,1,2,Feb,2023-02,14,Tue,7,0
2023-02-15,20230215,2023,1,2,Feb,2023-02,15,Wed,7,0
2023-02-16,20230216,2023,1,2,Feb,2023-02,16,Thu,7,0
2023-02-17,20230217,2023,1,2,Feb,2023-02,17,Fri,7,0
2023-02-18,20230218,2023,1,2,Feb,2023-02,18,Sat,7,1
2023-02-19,20230219,2023,1,2,Feb,2023-02,19,Sun,7,1
2023-02-20,20230220,2023,1,2,Feb,2023-02,20,Mon,8,0
2023-02-21,20230221,2023,1,2,Feb,2023-02,21,Tue,8,0
2023-02-22,20230222,2023,1,2,Feb,2023-02,22,Wed,8,0
2023-02-23,20230223,2023,1,2,Feb,2023-02,23,Thu,8,0
2023-02-24,20230224,2023,1,2,Feb,2023-02,24,Fri,8,0
2023-02-25,20230225,2023,1,2,Feb,2023-02,25,Sat,8,1
2023-02-26,20230226,2023,1,2,Feb,2023-02,26,Sun,8,1
2023-02-27,20230227,2023,1,2,Feb,2023-02,27,Mon,9,0
2023-02-28,20230228,2023,1,2,Feb,2023-02,28,Tue,9,0
2023-03-01,20230301,2023,1,3,Mar,2023-03,1,Wed,9,0
2023-03-02,20230302,2023,1,3,Mar,2023-03,2,Thu,9,0
2023-03-03,20230303,2023,1,3,Mar,2023-03,3,Fri,9,0
2023-03-04,20230304,2023,1,3,Mar,2023-03,4,Sat,9,1
2023-03-05,20230305,2023,1,3,Mar,2023-03,5,Sun,9,1
2023-03-06,20230306,2023,1,3,Mar,2023-03,6,Mon,10,0
2023-03-07,20230307,2023,1,3,Mar,2023-03,7,Tue,10,0
2023-03-08,20230308,2023,1,3,Mar,2023-03,8,Wed,10,0
2023-03-09,20230309,2023,1,3,Mar,2023-03,9,Thu,10,0
2023-03-10,20230310,2023,1,3,Mar,2023-03,10,Fri,10,0
2023-03-11,20230311,2023,1,3,Mar,2023-03,11,Sat,10,1
2023-03-12,20230312,2023,1,3,Mar,2023-03,12,Sun,10,1
2023-03-13,20230313,2023,1,3,Mar,2023-03,13,Mon,11,0
2023-03-14,20230314,2023,1,3,Mar,2023-03,14,Tue,11,0
2023-03-15,20230315,2023,1,3,Mar,2023-03,15,Wed,11,0
2023-03-16,20230316,2023,1,3,Mar,2023-03,16,Thu,11,0
2023-03-17,20230317,2023,1,3,Mar,2023-03,17,Fri,11,0
2023-03-18,20230318,2023,1,3,Mar,2023-03,18,Sat,11,1
2023-03-19,20230319,2023,1,3,Mar,2023-03,19,Sun,11,1
2023-03-20,20230320,2023,1,3,Mar,2023-03,20,Mon,12,0
2023-03-21,20230321,2023,1,3,Mar,2023-03,21,Tue,12,0
2023-03-22,20230322,2023,1,3,Mar,2023-03,22,Wed,12,0
2023-03-23,20230323,2023,1,3,Mar,2023-03,23,Thu,12,0
2023-03-24,20230324,2023,1,3,Mar,2023-03,24,Fri,12,0
2023-03-25,20230325,2023,1,3,Mar,2023-03,25,Sat,12,1
2023-03-26,20230326,2023,1,3,Mar,2023-03,26,Sun,12,1
2023-03-27,20230327,2023,1,3,Mar,2023-03,27,Mon,13,0
2023-03-28,20230328,2023,1,3,Mar,2023-03,28,Tue,13,0
2023-03-29,20230329,2023,1,3,Mar,2023-03,29,Wed,13,0
2023-03-30,20230330,2023,1,3,Mar,2023-03,30,Thu,13,0
2023-03-31,20230331,2023,1,3,Mar,2023-03,31,Fri,13,0
2023-04-01,20230401,2023,2,4,Apr,2023-04,1,Sat,13,1
2023-04-02,20230402,2023,2,4,Apr,2023-04,2,Sun,13,1
2023-04-03,20230403,2023,2,4,Apr,2023-04,3,Mon,14,0
2023-04-04,20230404,2023,2,4,Apr,2023-04,4,Tue,14,0
2023-04-05,20230405,2023,2,4,Apr,2023-04,5,Wed,14,0
2023-04-06,20230406,2023,2,4,Apr,2023-04,6,Thu,14,0
2023-04-07,20230407,2023,2,4,Apr,2023-04,7,Fri,14,0
2023-04-08,20230408,2023,2,4,Apr,2023-04,8,Sat,14,1
2023-04-09,20230409,2023,2,4,Apr,2023-04,9,Sun,14,1
2023-04-10,20230410,2023,2,4,Apr,2023-04,10,Mon,15,0
2023-04-11,20230411,2023,2,4,Apr,2023-04,11,Tue,15,0
2023-04-12,20230412,2023,2,4,Apr,2023-04,12,Wed,15,0
2023-04-13,20230413,2023,2,4,Apr,2023-04,13,Thu,15,0
2023-04-14,20230414,2023,2,4,Apr,2023-04,14,Fri,15,0
2023-04-15,20230415,2023,2,4,Apr,2023-04,15,Sat,15,1
2023-04-16,20230416,2023,2,4,Apr,2023-04,16,Sun,15,1
2023-04-17,20230417,2023,2,4,Apr,2023-04,17,Mon,16,0
2023-04-18,20230418,2023,2,4,Apr,2023-04,18,Tue,16,0
2023-04-19,20230419,2023,2,4,Apr,2023-04,19,Wed,16,0
2023-04-20,20230420,2023,2,4,Apr,2023-04,20,Thu,16,0
2023-04-21,20230421,2023,2,4,Apr,2023-04,21,Fri,16,0
2023-04-22,20230422,2023,2,4,Apr,2023-04,22,Sat,16,1
2023-04-23,20230423,2023,2,4,Apr,2023-04,23,Sun,16,1
2023-04-24,20230424,2023,2,4,Apr,2023-04,24,Mon,17,0
2023-04-25,20230425,2023,2,4,Apr,2023-04,25,Tue,17,0
2023-04-26,20230426,2023,2,4,Apr,2023-04,26,Wed,17,0
2023-04-27,20230427,2023,2,4,Apr,2023-04,27,Thu,17,0
2023-04-28,20230428,2023,2,4,Apr,2023-04,28,Fri,17,0
2023-04-29,20230429,2023,2,4,Apr,2023-04,29,Sat,17,1
2023-04-30,20230430,2023,2,4,Apr,2023-04,30,Sun,17,1
2023-05-01,20230501,2023,2,5,May,2023-05,1,Mon,18,0
2023-05-02,20230502,2023,2,5,May,2023-05,2,Tue,18,0
2023-05-03,20230503,2023,2,5,May,2023-05,3,Wed,18,0
2023-05-04,20230504,2023,2,5,May,2023-05,4,Thu,18,0
2023-05-05,20230505,2023,2,5,May,2023-05,5,Fri,18,0
2023-05-06,20230506,2023,2,5,May,2023-05,6,Sat,18,1
2023-05-07,20230507,2023,2,5,May,2023-05,7,Sun,18,1
2023-05-08,20230508,2023,2,5,May,2023-05,8,Mon,19,0
2023-05-09,20230509,2023,2,5,May,2023-05,9,Tue,19,0
2023-05-10,20230510,2023,2,5,May,2023-05,10,Wed,19,0
2023-05-11,20230511,2023,2,5,May,2023-05,11,Thu,19,0
2023-05-12,20230512,2023,2,5,May,2023-05,12,Fri,19,0
2023-05-13,20230513,2023,2,5,May,2023-05,13,Sat,19,1
2023-05-14,20230514,2023,2,5,May,2023-05,14,Sun,19,1
2023-05-15,20230515,2023,2,5,May,2023-05,15,Mon,20,0
2023-05-16,20230516,2023,2,5,May,2023-05,16,Tue,20,0
2023-05-17,20230517,2023,2,5,May,2023-05,17,Wed,20,0
2023-05-18,20230518,2023,2,5,May,2023-05,18,Thu,20,0
2023-05-19,20230519,2023,2,5,May,2023-05,19,Fri,20,0
2023-05-20,20230520,2023,2,5,May,2023-05,20,Sat,20,1
2023-05-21,20230521,2023,2,5,May,2023-05,21,Sun,20,1
2023-05-22,20230522,2023,2,5,May,2023-05,22,Mon,21,0
2023-05-23,20230523,2023,2,5,May,2023-05,23,Tue,21,0
2023-05-24,20230524,2023,2,5,May,2023-05,24,Wed,21,0
2023-05-25,20230525,2023,2,5,May,2023-05,25,Thu,21,0
2023-05-26,20230526,2023,2,5,May,2023-05,26,Fri,21,0
2023-05-27,20230527,2023,2,5,May,2023-05,27,Sat,21,1
2023-05-28,20230528,2023,2,5,May,2023-05,28,Sun,21,1
2023-05-29,20230529,2023,2,5,May,2023-05,29,Mon,22,0
2023-05-30,20230530,2023,2,5,May,2023-05,30,Tue,22,0
2023-05-31,20230531,2023,2,5,May,2023-05,31,Wed,22,0
2023-06-01,20230601,2023,2,6,Jun,2023-06,1,Thu,22,0
2023-06-02,20230602,2023,2,6,Jun,2023-06,2,Fri,22,0
2023-06-03,20230603,2023,2,6,Jun,2023-06,3,Sat,22,1
2023-06-04,20230604,2023,2,6,Jun,2023-06,4,Sun,22,1
2023-06-05,20230605,2023,2,6,Jun,2023-06,5,Mon,23,0
2023-06-06,20230606,2023,2,6,Jun,2023-06,6,Tue,23,0
2023-06-07,20230607,2023,2,6,Jun,2023-06,7,Wed,23,0
2023-06-08,20230608,2023,2,6,Jun,2023-06,8,Thu,23,0
2023-06-09,20230609,2023,2,6,Jun,2023-06,9,Fri,23,0
2023-06-10,20230610,2023,2,6,Jun,2023-06,10,Sat,23,1
2023-06-11,20230611,2023,2,6,Jun,2023-06,11,Sun,23,1
2023-06-12,20230612,2023,2,6,Jun,2023-06,12,Mon,24,0
2023-06-13,20230613,2023,2,6,Jun,2023-06,13,Tue,24,0
2023-06-14,20230614,2023,2,6,Jun,2023-06,14,Wed,24,0
2023-06-15,20230615,2023,2,6,Jun,2023-06,15,Thu,24,0
2023-06-16,20230616,2023,2,6,Jun,2023-06,16,Fri,24,0
2023-06-17,20230617,2023,2,6,Jun,2023-06,17,Sat,24,1
2023-06-18,20230618,2023,2,6,Jun,2023-06,18,Sun,24,1
2023-06-19,20230619,2023,2,6,Jun,2023-06,19,Mon,25,0
2023-06-20,20230620,2023,2,6,Jun,2023-06,20,Tue,25,0
2023-06-21,20230621,2023,2,6,Jun,2023-06,21,Wed,25,0
2023-06-22,20230622,2023,2,6,Jun,2023-06,22,Thu,25,0
2023-06-23,20230623,2023,2,6,Jun,2023-06,23,Fri,25,0
2023-06-24,20230624,2023,2,6,Jun,2023-06,24,Sat,25,1
2023-06-25,20230625,2023,2,6,Jun,2023-06,25,Sun,25,1
2023-06-26,20230626,2023,2,6,Jun,2023-06,26,Mon,26,0
2023-06-27,20230627,2023,2,6,Jun,2023-06,27,Tue,26,0
2023-06-28,20230628,2023,2,6,Jun,2023-06,28,Wed,26,0
2023-06-29,20230629,2023,2,6,Jun,2023-06,29,Thu,26,0
2023-06-30,20230630,2023,2,6,Jun,2023-06,30,Fri,26,0
2023-07-01,20230701,2023,3,7,Jul,2023-07,1,Sat,26,1
2023-07-02,20230702,2023,3,7,Jul,2023-07,2,Sun,26,1
2023-07-03,20230703,2023,3,7,Jul,2023-07,3,Mon,27,0
2023-07-04,20230704,2023,3,7,Jul,2023-07,4,Tue,27,0
2023-07-05,20230705,2023,3,7,Jul,2023-07,5,Wed,27,0
2023-07-06,20230706,2023,3,7,Jul,2023-07,6,Thu,27,0
2023-07-07,20230707,2023,3,7,Jul,2023-07,7,Fri,27,0
2023-07-08,20230708,2023,3,7,Jul,2023-07,8,Sat,27,1
2023-07-09,20230709,2023,3,7,Jul,2023-07,9,Sun,27,1
2023-07-10,20230710,2023,3,7,Jul,2023-07,10,Mon,28,0
2023-07-11,20230711,2023,3,7,Jul,2023-07,11,Tue,28,0
2023-07-12,20230712,2023,3,7,Jul,2023-07,12,Wed,28,0
2023-07-13,20230713,2023,3,7,Jul,2023-07,13,Thu,28,0
2023-07-14,20230714,2023,3,7,Jul,2023-07,14,Fri,28,0
2023-07-15,20230715,2023,3,7,Jul,2023-07,15,Sat,28,1
2023-07-16,20230716,2023,3,7,Jul,2023-07,16,Sun,28,1
2023-07-17,20230717,2023,3,7,Jul,2023-07,17,Mon,29,0
2023-07-18,20230718,2023,3,7,Jul,2023-07,18,Tue,29,0
2023-07-19,20230719,2023,3,7,Jul,2023-07,19,Wed,29,0
2023-07-20,20230720,2023,3,7,Jul,2023-07,20,Thu,29,0
2023-07-21,20230721,2023,3,7,Jul,2023-07,21,Fri,29,0
2023-07-22,20230722,2023,3,7,Jul,2023-07,22,Sat,29,1
2023-07-23,20230723,2023,3,7,Jul,2023-07,23,Sun,29,1
2023-07-24,20230724,2023,3,7,Jul,2023-07,24,Mon,30,0
2023-07-25,20230725,2023,3,7,Jul,2023-07,25,Tue,30,0
2023-07-26,20230726,2023,3,7,Jul,2023-07,26,Wed,30,0
2023-07-27,20230727,2023,3,7,Jul,2023-07,27,Thu,30,0
2023-07-28,20230728,2023,3,7,Jul,2023-07,28,Fri,30,0
2023-07-29,20230729,2023,3,7,Jul,2023-07,29,Sat,30,1
2023-07-30,20230730,2023,3,7,Jul,2023-07,30,Sun,30,1
2023-07-31,20230731,2023,3,7,Jul,2023-07,31,Mon,31,0
2023-08-01,20230801,2023,3,8,Aug,2023-08,1,Tue,31,0
2023-08-02,20230802,2023,3,8,Aug,2023-08,2,Wed,31,0
2023-08-03,20230803,2023,3,8,Aug,2023-08,3,Thu,31,0
2023-08-04,20230804,2023,3,8,Aug,2023-08,4,Fri,31,0
2023-08-05,20230805,2023,3,8,Aug,2023-08,5,Sat,31,1
2023-08-06,20230806,2023,3,8,Aug,2023-08,6,Sun,31,1
2023-08-07,20230807,2023,3,8,Aug,2023-08,7,Mon,32,0
2023-08-08,20230808,2023,3,8,Aug,2023-08,8,Tue,32,0
2023-08-09,20230809,2023,3,8,Aug,2023-08,9,Wed,32,0
2023-08-10,20230810,2023,3,8,Aug,2023-08,10,Thu,32,0
2023-08-11,20230811,2023,3,8,Aug,2023-08,11,Fri,32,0
2023-08-12,20230812,2023,3,8,Aug,2023-08,12,Sat,32,1
2023-08-13,20230813,2023,3,8,Aug,2023-08,13,Sun,32,1
2023-08-14,20230814,2023,3,8,Aug,2023-08,14,Mon,33,0
2023-08-15,20230815,2023,3,8,Aug,2023-08,15,Tue,33,0
2023-08-16,20230816,2023,3,8,Aug,2023-08,16,Wed,33,0
2023-08-17,20230817,2023,3,8,Aug,2023-08,17,Thu,33,0
2023-08-18,20230818,2023,3,8,Aug,2023-08,18,Fri,33,0
2023-08-19,20230819,2023,3,8,Aug,2023-08,19,Sat,33,1
2023-08-20,20230820,2023,3,8,Aug,2023-08,20,Sun,33,1
2023-08-21,20230821,2023,3,8,Aug,2023-08,21,Mon,34,0
2023-08-22,20230822,2023,3,8,Aug,2023-08,22,Tue,34,0
2023-08-23,20230823,2023,3,8,Aug,2023-08,23,Wed,34,0
2023-08-24,20230824,2023,3,8,Aug,2023-08,24,Thu,34,0
2023-08-25,20230825,2023,3,8,Aug,2023-08,25,Fri,34,0
2023-08-26,20230826,2023,3,8,Aug,2023-08,26,Sat,34,1
2023-08-27,20230827,2023,3,8,Aug,2023-08,27,Sun,34,1
2023-08-28,20230828,2023,3,8,Aug,2023-08,28,Mon,35,0
2023-08-29,20230829,2023,3,8,Aug,2023-08,29,Tue,35,0
2023-08-30,20230830,2023,3,8,Aug,2023-08,30,Wed,35,0
2023-08-31,20230831,2023,3,8,Aug,2023-08,31,Thu,35,0
2023-09-01,20230901,2023,3,9,Sep,2023-09,1,Fri,35,0
2023-09-02,20230902,2023,3,9,Sep,2023-09,2,Sat,35,1
2023-09-03,20230903,2023,3,9,Sep,2023-09,3,Sun,35,1
2023-09-04,20230904,2023,3,9,Sep,2023-09,4,Mon,36,0
2023-09-05,20230905,2023,3,9,Sep,2023-09,5,Tue,36,0
2023-09-06,20230906,2023,3,9,Sep,2023-09,6,Wed,36,0
2023-09-07,20230907,2023,3,9,Sep,2023-09,7,Thu,36,0
2023-09-08,20230908,2023,3,9,Sep,2023-09,8,Fri,36,0
2023-09-09,20230909,2023,3,9,Sep,2023-09,9,Sat,36,1
2023-09-10,20230910,2023,3,9,Sep,2023-09,10,Sun,36,1
2023-09-11,20230911,2023,3,9,Sep,2023-09,11,Mon,37,0
2023-09-12,20230912,2023,3,9,Sep,2023-09,12,Tue,37,0
2023-09-13,20230913,2023,3,9,Sep,2023-09,13,Wed,37,0
2023-09-14,20230914,2023,3,9,Sep,2023-09,14,Thu,37,0
2023-09-15,20230915,2023,3,9,Sep,2023-09,15,Fri,37,0
2023-09-16,20230916,2023,3,9,Sep,2023-09,16,Sat,37,1
2023-09-17,20230917,2023,3,9,Sep,2023-09,17,Sun,37,1
2023-09-18,20230918,2023,3,9,Sep,2023-09,18,Mon,38,0
2023-09-19,20230919,2023,3,9,Sep,2023-09,19,Tue,38,0
2023-09-20,20230920,2023,3,9,Sep,2023-09,20,Wed,38,0
2023-09-21,20230921,2023,3,9,Sep,2023-09,21,Thu,38,0
2023-09-22,20230922,2023,3,9,Sep,2023-09,22,Fri,38,0
2023-09-23,20230923,2023,3,9,Sep,2023-09,23,Sat,38,1
2023-09-24,20230924,2023,3,9,Sep,2023-09,24,Sun,38,1
2023-09-25,20230925,2023,3,9,Sep,2023-09,25,Mon,39,0
2023-09-26,20230926,2023,3,9,Sep,2023-09,26,Tue,39,0
2023-09-27,20230927,2023,3,9,Sep,2023-09,27,Wed,39,0
2023-09-28,20230928,2023,3,9,Sep,2023-09,28,Thu,39,0
2023-09-29,20230929,2023,3,9,Sep,2023-09,29,Fri,39,0
2023-09-30,20230930,2023,3,9,Sep,2023-09,30,Sat,39,1
2023-10-01,20231001,2023,4,10,Oct,2023-10,1,Sun,39,1
2023-10-02,20231002,2023,4,10,Oct,2023-10,2,Mon,40,0
2023-10-03,20231003,2023,4,10,Oct,2023-10,3,Tue,40,0
2023-10-04,20231004,2023,4,10,Oct,2023-10,4,Wed,40,0
2023-10-05,20231005,2023,4,10,Oct,2023-10,5,Thu,40,0
2023-10-06,20231006,2023,4,10,Oct,2023-10,6,Fri,40,0
2023-10-07,20231007,2023,4,10,Oct,2023-10,7,Sat,40,1
2023-10-08,20231008,2023,4,10,Oct,2023-10,8,Sun,40,1
2023-10-09,20231009,2023,4,10,Oct,2023-10,9,Mon,41,0
2023-10-10,20231010,2023,4,10,Oct,2023-10,10,Tue,41,0
2023-10-11,20231011,2023,4,10,Oct,2023-10,11,Wed,41,0
2023-10-12,20231012,2023,4,10,Oct,2023-10,12,Thu,41,0
2023-10-13,20231013,2023,4,10,Oct,2023-10,13,Fri,41,0
2023-10-14,20231014,2023,4,10,Oct,2023-10,14,Sat,41,1
2023-10-15,20231015,2023,4,10,Oct,2023-10,15,Sun,41,1
2023-10-16,20231016,2023,4,10,Oct,2023-10,16,Mon,42,0
2023-10-17,20231017,2023,4,10,Oct,2023-10,17,Tue,42,0
2023-10-18,20231018,2023,4,10,Oct,2023-10,18,Wed,42,0
2023-10-19,20231019,2023,4,10,Oct,2023-10,19,Thu,42,0
2023-10-20,20231020,2023,4,10,Oct,2023-10,20,Fri,42,0
2023-10-21,20231021,2023,4,10,Oct,2023-10,21,Sat,42,1
2023-10-22,20231022,2023,4,10,Oct,2023-10,22,Sun,42,1
2023-10-23,20231023,2023,4,10,Oct,2023-10,23,Mon,43,0
2023-10-24,20231024,2023,4,10,Oct,2023-10,24,Tue,43,0
2023-10-25,20231025,2023,4,10,Oct,2023-10,25,Wed,43,0
2023-10-26,20231026,2023,4,10,Oct,2023-10,26,Thu,43,0
2023-10-27,20231027,2023,4,10,Oct,2023-10,27,Fri,43,0
2023-10-28,20231028,2023,4,10,Oct,2023-10,28,Sat,43,1
2023-10-29,20231029,2023,4,10,Oct,2023-10,29,Sun,43,1
2023-10-30,20231030,2023,4,10,Oct,2023-10,30,Mon,44,0
2023-10-31,20231031,2023,4,10,Oct,2023-10,31,Tue,44,0
2023-11-01,20231101,2023,4,11,Nov,2023-11,1,Wed,44,0
2023-11-02,20231102,2023,4,11,Nov,2023-11,2,Thu,44,0
2023-11-03,20231103,2023,4,11,Nov,2023-11,3,Fri,44,0
2023-11-04,20231104,2023,4,11,Nov,2023-11,4,Sat,44,1
2023-11-05,20231105,2023,4,11,Nov,2023-11,5,Sun,44,1
2023-11-06,20231106,2023,4,11,Nov,2023-11,6,Mon,45,0
2023-11-07,20231107,2023,4,11,Nov,2023-11,7,Tue,45,0
2023-11-08,20231108,2023,4,11,Nov,2023-11,8,Wed,45,0
2023-11-09,20231109,2023,4,11,Nov,2023-11,9,Thu,45,0
2023-11-10,20231110,2023,4,11,Nov,2023-11,10,Fri,45,0
2023-11-11,20231111,2023,4,11,Nov,2023-11,11,Sat,45,1
2023-11-12,20231112,2023,4,11,Nov,2023-11,12,Sun,45,1
2023-11-13,20231113,2023,4,11,Nov,2023-11,13,Mon,46,0
2023-11-14,20231114,2023,4,11,Nov,2023-11,14,Tue,46,0
2023-11-15,20231115,2023,4,11,Nov,2023-11,15,Wed,46,0
2023-11-16,20231116,2023,4,11,Nov,2023-11,16,Thu,46,0
2023-11-17,20231117,2023,4,11,Nov,2023-11,17,Fri,46,0
2023-11-18,20231118,2023,4,11,Nov,2023-11,18,Sat,46,1
2023-11-19,20231119,2023,4,11,Nov,2023-11,19,Sun,46,1
2023-11-20,20231120,2023,4,11,Nov,2023-11,20,Mon,47,0
2023-11-21,20231121,2023,4,11,Nov,2023-11,21,Tue,47,0
2023-11-22,20231122,2023,4,11,Nov,2023-11,22,Wed,47,0
2023-11-23,20231123,2023,4,11,Nov,2023-11,23,Thu,47,0
2023-11-24,20231124,2023,4,11,Nov,2023-11,24,Fri,47,0
2023-11-25,20231125,2023,4,11,Nov,2023-11,25,Sat,47,1
2023-11-26,20231126,2023,4,11,Nov,2023-11,26,Sun,47,1
2023-11-27,20231127,2023,4,11,Nov,2023-11,27,Mon,48,0
2023-11-28,20231128,2023,4,11,Nov,2023-11,28,Tue,48,0
2023-11-29,20231129,2023,4,11,Nov,2023-11,29,Wed,48,0
2023-11-30,20231130,2023,4,11,Nov,2023-11,30,Thu,48,0
2023-12-01,20231201,2023,4,12,Dec,2023-12,1,Fri,48,0
2023-12-02,20231202,2023,4,12,Dec,2023-12,2,Sat,48,1
2023-12-03,20231203,2023,4,12,Dec,2023-12,3,Sun,48,1
2023-12-04,20231204,2023,4,12,Dec,2023-12,4,Mon,49,0
2023-12-05,20231205,2023,4,12,Dec,2023-12,5,Tue,49,0
2023-12-06,20231206,2023,4,12,Dec,2023-12,6,Wed,49,0
2023-12-07,20231207,2023,4,12,Dec,2023-12,7,Thu,49,0
2023-12-08,20231208,2023,4,12,Dec,2023-12,8,Fri,49,0
2023-12-09,20231209,2023,4,12,Dec,2023-12,9,Sat,49,1
2023-12-10,20231210,2023,4,12,Dec,2023-12,10,Sun,49,1
2023-12-11,20231211,2023,4,12,Dec,2023-12,11,Mon,50,0
2023-12-12,20231212,2023,4,12,Dec,2023-12,12,Tue,50,0
2023-12-13,20231213,2023,4,12,Dec,2023-12,13,Wed,50,0
2023-12-14,20231214,2023,4,12,Dec,2023-12,14,Thu,50,0
2023-12-15,20231215,2023,4,12,Dec,2023-12,15,Fri,50,0
2023-12-16,20231216,2023,4,12,Dec,2023-12,16,Sat,50,1
2023-12-17,20231217,2023,4,12,Dec,2023-12,17,Sun,50,1
2023-12-18,20231218,2023,4,12,Dec,2023-12,18,Mon,51,0
2023-12-19,20231219,2023,4,12,Dec,2023-12,19,Tue,51,0
2023-12-20,20231220,2023,4,12,Dec,2023-12,20,Wed,51,0
2023-12-21,20231221,2023,4,12,Dec,2023-12,21,Thu,51,0
2023-12-22,20231222,2023,4,12,Dec,2023-12,22,Fri,51,0
2023-12-23,20231223,2023,4,12,Dec,2023-12,23,Sat,51,1
2023-12-24,20231224,2023,4,12,Dec,2023-12,24,Sun,51,1
2023-12-25,20231225,2023,4,12,Dec,2023-12,25,Mon,52,0
2023-12-26,20231226,2023,4,12,Dec,2023-12,26,Tue,52,0
2023-12-27,20231227,2023,4,12,Dec,2023-12,27,Wed,52,0
2023-12-28,20231228,2023,4,12,Dec,2023-12,28,Thu,52,0
2023-12-29,20231229,2023,4,12,Dec,2023-12,29,Fri,52,0
2023-12-30,20231230,2023,4,12,Dec,2023-12,30,Sat,52,1
2023-12-31,20231231,2023,4,12,Dec,2023-12,31,Sun,52,1
2024-01-01,20240101,2024,1,1,Jan,2024-01,1,Mon,1,0
2024-01-02,20240102,2024,1,1,Jan,2024-01,2,Tue,1,0
2024-01-03,20240103,2024,1,1,Jan,2024-01,3,Wed,1,0
2024-01-04,20240104,2024,1,1,Jan,2024-01,4,Thu,1,0
2024-01-05,20240105,2024,1,1,Jan,2024-01,5,Fri,1,0
2024-01-06,20240106,2024,1,1,Jan,2024-01,6,Sat,1,1
2024-01-07,20240107,2024,1,1,Jan,2024-01,7,Sun,1,1
2024-01-08,20240108,2024,1,1,Jan,2024-01,8,Mon,2,0
2024-01-09,20240109,2024,1,1,Jan,2024-01,9,Tue,2,0
2024-01-10,20240110,2024,1,1,Jan,2024-01,10,Wed,2,0
2024-01-11,20240111,2024,1,1,Jan,2024-01,11,Thu,2,0
2024-01-12,20240112,2024,1,1,Jan,2024-01,12,Fri,2,0
2024-01-13,20240113,2024,1,1,Jan,2024-01,13,Sat,2,1
2024-01-14,20240114,2024,1,1,Jan,2024-01,14,Sun,2,1
2024-01-15,20240115,2024,1,1,Jan,2024-01,15,Mon,3,0
2024-01-16,20240116,2024,1,1,Jan,2024-01,16,Tue,3,0
2024-01-17,20240117,2024,1,1,Jan,2024-01,17,Wed,3,0
2024-01-18,20240118,2024,1,1,Jan,2024-01,18,Thu,3,0
2024-01-19,20240119,2024,1,1,Jan,2024-01,19,Fri,3,0
2024-01-20,20240120,2024,1,1,Jan,2024-01,20,Sat,3,1
2024-01-21,20240121,2024,1,1,Jan,2024-01,21,Sun,3,1
2024-01-22,20240122,2024,1,1,Jan,2024-01,22,Mon,4,0
2024-01-23,20240123,2024,1,1,Jan,2024-01,23,Tue,4,0
2024-01-24,20240124,2024,1,1,Jan,2024-01,24,Wed,4,0
2024-01-25,20240125,2024,1,1,Jan,2024-01,25,Thu,4,0
2024-01-26,20240126,2024,1,1,Jan,2024-01,26,Fri,4,0
2024-01-27,20240127,2024,1,1,Jan,2024-01,27,Sat,4,1
2024-01-28,20240128,2024,1,1,Jan,2024-01,28,Sun,4,1
2024-01-29,20240129,2024,1,1,Jan,2024-01,29,Mon,5,0
2024-01-30,20240130,2024,1,1,Jan,2024-01,30,Tue,5,0
2024-01-31,20240131,2024,1,1,Jan,2024-01,31,Wed,5,0
2024-02-01,20240201,2024,1,2,Feb,2024-02,1,Thu,5,0
2024-02-02,20240202,2024,1,2,Feb,2024-02,2,Fri,5,0
2024-02-03,20240203,2024,1,2,Feb,2024-02,3,Sat,5,1
2024-02-04,20240204,2024,1,2,Feb,2024-02,4,Sun,5,1
2024-02-05,20240205,2024,1,2,Feb,2024-02,5,Mon,6,0
2024-02-06,20240206,2024,1,2,Feb,2024-02,6,Tue,6,0
2024-02-07,20240207,2024,1,2,Feb,2024-02,7,Wed,6,0
2024-02-08,20240208,2024,1,2,Feb,2024-02,8,Thu,6,0
2024-02-09,20240209,2024,1,2,Feb,2024-02,9,Fri,6,0
2024-02-10,20240210,2024,1,2,Feb,2024-02,10,Sat,6,1
2024-02-11,20240211,2024,1,2,Feb,2024-02,11,Sun,6,1
2024-02-12,20240212,2024,1,2,Feb,2024-02,12,Mon,7,0
2024-02-13,20240213,2024,1,2,Feb,2024-02,13,Tue,7,0
2024-02-14,20240214,2024,1,2,Feb,2024-02,14,Wed,7,0
2024-02-15,20240215,2024,1,2,Feb,2024-02,15,Thu,7,0
2024-02-16,20240216,2024,1,2,Feb,2024-02,16,Fri,7,0
2024-02-17,20240217,2024,1,2,Feb,2024-02,17,Sat,7,1
2024-02-18,20240218,2024,1,2,Feb,2024-02,18,Sun,7,1
2024-02-19,20240219,2024,1,2,Feb,2024-02,19,Mon,8,0
2024-02-20,20240220,2024,1,2,Feb,2024-02,20,Tue,8,0
2024-02-21,20240221,2024,1,2,Feb,2024-02,21,Wed,8,0
2024-02-22,20240222,2024,1,2,Feb,2024-02,22,Thu,8,0
2024-02-23,20240223,2024,1,2,Feb,2024-02,23,Fri,8,0
2024-02-24,20240224,2024,1,2,Feb,2024-02,24,Sat,8,1
2024-02-25,20240225,2024,1,2,Feb,2024-02,25,Sun,8,1
2024-02-26,20240226,2024,1,2,Feb,2024-02,26,Mon,9,0
2024-02-27,20240227,2024,1,2,Feb,2024-02,27,Tue,9,0
2024-02-28,20240228,2024,1,2,Feb,2024-02,28,Wed,9,0
2024-02-29,20240229,2024,1,2,Feb,2024-02,29,Thu,9,0
2024-03-01,20240301,2024,1,3,Mar,2024-03,1,Fri,9,0
2024-03-02,20240302,2024,1,3,Mar,2024-03,2,Sat,9,1
2024-03-03,20240303,2024,1,3,Mar,2024-03,3,Sun,9,1
2024-03-04,20240304,2024,1,3,Mar,2024-03,4,Mon,10,0
2024-03-05,20240305,2024,1,3,Mar,2024-03,5,Tue,10,0
2024-03-06,20240306,2024,1,3,Mar,2024-03,6,Wed,10,0
2024-03-07,20240307,2024,1,3,Mar,2024-03,7,Thu,10,0
2024-03-08,20240308,2024,1,3,Mar,2024-03,8,Fri,10,0
2024-03-09,20240309,2024,1,3,Mar,2024-03,9,Sat,10,1
2024-03-10,20240310,2024,1,3,Mar,2024-03,10,Sun,10,1
2024-03-11,20240311,2024,1,3,Mar,2024-03,11,Mon,11,0
2024-03-12,20240312,2024,1,3,Mar,2024-03,12,Tue,11,0
2024-03-13,20240313,2024,1,3,Mar,2024-03,13,Wed,11,0
2024-03-14,20240314,2024,1,3,Mar,2024-03,14,Thu,11,0
2024-03-15,20240315,2024,1,3,Mar,2024-03,15,Fri,11,0
2024-03-16,20240316,2024,1,3,Mar,2024-03,16,Sat,11,1
2024-03-17,20240317,2024,1,3,Mar,2024-03,17,Sun,11,1
2024-03-18,20240318,2024,1,3,Mar,2024-03,18,Mon,12,0
2024-03-19,20240319,2024,1,3,Mar,2024-03,19,Tue,12,0
2024-03-20,20240320,2024,1,3,Mar,2024-03,20,Wed,12,0
2024-03-21,20240321,2024,1,3,Mar,2024-03,21,Thu,12,0
2024-03-22,20240322,2024,1,3,Mar,2024-03,22,Fri,12,0
2024-03-23,20240323,2024,1,3,Mar,2024-03,23,Sat,12,1
2024-03-24,20240324,2024,1,3,Mar,2024-03,24,Sun,12,1
2024-03-25,20240325,2024,1,3,Mar,2024-03,25,Mon,13,0
2024-03-26,20240326,2024,1,3,Mar,2024-03,26,Tue,13,0
2024-03-27,20240327,2024,1,3,Mar,2024-03,27,Wed,13,0
2024-03-28,20240328,2024,1,3,Mar,2024-03,28,Thu,13,0
2024-03-29,20240329,2024,1,3,Mar,2024-03,29,Fri,13,0
2024-03-30,20240330,2024,1,3,Mar,2024-03,30,Sat,13,1
2024-03-31,20240331,2024,1,3,Mar,2024-03,31,Sun,13,1
2024-04-01,20240401,2024,2,4,Apr,2024-04,1,Mon,14,0
2024-04-02,20240402,2024,2,4,Apr,2024-04,2,Tue,14,0
2024-04-03,20240403,2024,2,4,Apr,2024-04,3,Wed,14,0
2024-04-04,20240404,2024,2,4,Apr,2024-04,4,Thu,14,0
2024-04-05,20240405,2024,2,4,Apr,2024-04,5,Fri,14,0
2024-04-06,20240406,2024,2,4,Apr,2024-04,6,Sat,14,1
2024-04-07,20240407,2024,2,4,Apr,2024-04,7,Sun,14,1
2024-04-08,20240408,2024,2,4,Apr,2024-04,8,Mon,15,0
2024-04-09,20240409,2024,2,4,Apr,2024-04,9,Tue,15,0
2024-04-10,20240410,2024,2,4,Apr,2024-04,10,Wed,15,0
2024-04-11,20240411,2024,2,4,Apr,2024-04,11,Thu,15,0
2024-04-12,20240412,2024,2,4,Apr,2024-04,12,Fri,15,0
2024-04-13,20240413,2024,2,4,Apr,2024-04,13,Sat,15,1
2024-04-14,20240414,2024,2,4,Apr,2024-04,14,Sun,15,1
2024-04-15,20240415,2024,2,4,Apr,2024-04,15,Mon,16,0
2024-04-16,20240416,2024,2,4,Apr,2024-04,16,Tue,16,0
2024-04-17,20240417,2024,2,4,Apr,2024-04,17,Wed,16,0
2024-04-18,20240418,2024,2,4,Apr,2024-04,18,Thu,16,0
2024-04-19,20240419,2024,2,4,Apr,2024-04,19,Fri,16,0
2024-04-20,20240420,2024,2,4,Apr,2024-04,20,Sat,16,1
2024-04-21,20240421,2024,2,4,Apr,2024-04,21,Sun,16,1
2024-04-22,20240422,2024,2,4,Apr,2024-04,22,Mon,17,0
2024-04-23,20240423,2024,2,4,Apr,2024-04,23,Tue,17,0
2024-04-24,20240424,2024,2,4,Apr,2024-04,24,Wed,17,0
2024-04-25,20240425,2024,2,4,Apr,2024-04,25,Thu,17,0
2024-04-26,20240426,2024,2,4,Apr,2024-04,26,Fri,17,0
2024-04-27,20240427,2024,2,4,Apr,2024-04,27,Sat,17,1
2024-04-28,20240428,2024,2,4,Apr,2024-04,28,Sun,17,1
2024-04-29,20240429,2024,2,4,Apr,2024-04,29,Mon,18,0
2024-04-30,20240430,2024,2,4,Apr,2024-04,30,Tue,18,0
2024-05-01,20240501,2024,2,5,May,2024-05,1,Wed,18,0
2024-05-02,20240502,2024,2,5,May,2024-05,2,Thu,18,0
2024-05-03,20240503,2024,2,5,May,2024-05,3,Fri,18,0
2024-05-04,20240504,2024,2,5,May,2024-05,4,Sat,18,1
2024-05-05,20240505,2024,2,5,May,2024-05,5,Sun,18,1
2024-05-06,20240506,2024,2,5,May,2024-05,6,Mon,19,0
2024-05-07,20240507,2024,2,5,May,2024-05,7,Tue,19,0
2024-05-08,20240508,2024,2,5,May,2024-05,8,Wed,19,0
2024-05-09,20240509,2024,2,5,May,2024-05,9,Thu,19,0
2024-05-10,20240510,2024,2,5,May,2024-05,10,Fri,19,0
2024-05-11,20240511,2024,2,5,May,2024-05,11,Sat,19,1
2024-05-12,20240512,2024,2,5,May,2024-05,12,Sun,19,1
2024-05-13,20240513,2024,2,5,May,2024-05,13,Mon,20,0
2024-05-14,20240514,2024,2,5,May,2024-05,14,Tue,20,0
2024-05-15,20240515,2024,2,5,May,2024-05,15,Wed,20,0
2024-05-16,20240516,2024,2,5,May,2024-05,16,Thu,20,0
2024-05-17,20240517,2024,2,5,May,2024-05,17,Fri,20,0
2024-05-18,20240518,2024,2,5,May,2024-05,18,Sat,20,1
2024-05-19,20240519,2024,2,5,May,2024-05,19,Sun,20,1
2024-05-20,20240520,2024,2,5,May,2024-05,20,Mon,21,0
2024-05-21,20240521,2024,2,5,May,2024-05,21,Tue,21,0
2024-05-22,20240522,2024,2,5,May,2024-05,22,Wed,21,0
2024-05-23,20240523,2024,2,5,May,2024-05,23,Thu,21,0
2024-05-24,20240524,2024,2,5,May,2024-05,24,Fri,21,0
2024-05-25,20240525,2024,2,5,May,2024-05,25,Sat,21,1
2024-05-26,20240526,2024,2,5,May,2024-05,26,Sun,21,1
2024-05-27,20240527,2024,2,5,May,2024-05,27,Mon,22,0
2024-05-28,20240528,2024,2,5,May,2024-05,28,Tue,22,0
2024-05-29,20240529,2024,2,5,May,2024-05,29,Wed,22,0
2024-05-30,20240530,2024,2,5,May,2024-05,30,Thu,22,0
2024-05-31,20240531,2024,2,5,May,2024-05,31,Fri,22,0
2024-06-01,20240601,2024,2,6,Jun,2024-06,1,Sat,22,1
2024-06-02,20240602,2024,2,6,Jun,2024-06,2,Sun,22,1
2024-06-03,20240603,2024,2,6,Jun,2024-06,3,Mon,23,0
2024-06-04,20240604,2024,2,6,Jun,2024-06,4,Tue,23,0
2024-06-05,20240605,2024,2,6,Jun,2024-06,5,Wed,23,0
2024-06-06,20240606,2024,2,6,Jun,2024-06,6,Thu,23,0
2024-06-07,20240607,2024,2,6,Jun,2024-06,7,Fri,23,0
2024-06-08,20240608,2024,2,6,Jun,2024-06,8,Sat,23,1
2024-06-09,20240609,2024,2,6,Jun,2024-06,9,Sun,23,1
2024-06-10,20240610,2024,2,6,Jun,2024-06,10,Mon,24,0
2024-06-11,20240611,2024,2,6,Jun,2024-06,11,Tue,24,0
2024-06-12,20240612,2024,2,6,Jun,2024-06,12,Wed,24,0
2024-06-13,20240613,2024,2,6,Jun,2024-06,13,Thu,24,0
2024-06-14,20240614,2024,2,6,Jun,2024-06,14,Fri,24,0
2024-06-15,20240615,2024,2,6,Jun,2024-06,15,Sat,24,1
2024-06-16,20240616,2024,2,6,Jun,2024-06,16,Sun,24,1
2024-06-17,20240617,2024,2,6,Jun,2024-06,17,Mon,25,0
2024-06-18,20240618,2024,2,6,Jun,2024-06,18,Tue,25,0
2024-06-19,20240619,2024,2,6,Jun,2024-06,19,Wed,25,0
2024-06-20,20240620,2024,2,6,Jun,2024-06,20,Thu,25,0
2024-06-21,20240621,2024,2,6,Jun,2024-06,21,Fri,25,0
2024-06-22,20240622,2024,2,6,Jun,2024-06,22,Sat,25,1
2024-06-23,20240623,2024,2,6,Jun,2024-06,23,Sun,25,1
2024-06-24,20240624,2024,2,6,Jun,2024-06,24,Mon,26,0
2024-06-25,20240625,2024,2,6,Jun,2024-06,25,Tue,26,0
2024-06-26,20240626,2024,2,6,Jun,2024-06,26,Wed,26,0
2024-06-27,20240627,2024,2,6,Jun,2024-06,27,Thu,26,0
2024-06-28,20240628,2024,2,6,Jun,2024-06,28,Fri,26,0
2024-06-29,20240629,2024,2,6,Jun,2024-06,29,Sat,26,1
2024-06-30,20240630,2024,2,6,Jun,2024-06,30,Sun,26,1
2024-07-01,20240701,2024,3,7,Jul,2024-07,1,Mon,27,0
2024-07-02,20240702,2024,3,7,Jul,2024-07,2,Tue,27,0
2024-07-03,20240703,2024,3,7,Jul,2024-07,3,Wed,27,0
2024-07-04,20240704,2024,3,7,Jul,2024-07,4,Thu,27,0
2024-07-05,20240705,2024,3,7,Jul,2024-07,5,Fri,27,0
2024-07-06,20240706,2024,3,7,Jul,2024-07,6,Sat,27,1
2024-07-07,20240707,2024,3,7,Jul,2024-07,7,Sun,27,1
2024-07-08,20240708,2024,3,7,Jul,2024-07,8,Mon,28,0
2024-07-09,20240709,2024,3,7,Jul,2024-07,9,Tue,28,0
2024-07-10,20240710,2024,3,7,Jul,2024-07,10,Wed,28,0
2024-07-11,20240711,2024,3,7,Jul,2024-07,11,Thu,28,0
2024-07-12,20240712,2024,3,7,Jul,2024-07,12,Fri,28,0
2024-07-13,20240713,2024,3,7,Jul,2024-07,13,Sat,28,1
2024-07-14,20240714,2024,3,7,Jul,2024-07,14,Sun,28,1
2024-07-15,20240715,2024,3,7,Jul,2024-07,15,Mon,29,0
2024-07-16,20240716,2024,3,7,Jul,2024-07,16,Tue,29,0
2024-07-17,20240717,2024,3,7,Jul,2024-07,17,Wed,29,0
2024-07-18,20240718,2024,3,7,Jul,2024-07,18,Thu,29,0
2024-07-19,20240719,2024,3,7,Jul,2024-07,19,Fri,29,0
2024-07-20,20240720,2024,3,7,Jul,2024-07,20,Sat,29,1
2024-07-21,20240721,2024,3,7,Jul,2024-07,21,Sun,29,1
2024-07-22,20240722,2024,3,7,Jul,2024-07,22,Mon,30,0
2024-07-23,20240723,2024,3,7,Jul,2024-07,23,Tue,30,0
2024-07-24,20240724,2024,3,7,Jul,2024-07,24,Wed,30,0
2024-07-25,20240725,2024,3,7,Jul,2024-07,25,Thu,30,0
2024-07-26,20240726,2024,3,7,Jul,2024-07,26,Fri,30,0
2024-07-27,20240727,2024,3,7,Jul,2024-07,27,Sat,30,1
2024-07-28,20240728,2024,3,7,Jul,2024-07,28,Sun,30,1
2024-07-29,20240729,2024,3,7,Jul,2024-07,29,Mon,31,0
2024-07-30,20240730,2024,3,7,Jul,2024-07,30,Tue,31,0
2024-07-31,20240731,2024,3,7,Jul,2024-07,31,Wed,31,0
2024-08-01,20240801,2024,3,8,Aug,2024-08,1,Thu,31,0
2024-08-02,20240802,2024,3,8,Aug,2024-08,2,Fri,31,0
2024-08-03,20240803,2024,3,8,Aug,2024-08,3,Sat,31,1
2024-08-04,20240804,2024,3,8,Aug,2024-08,4,Sun,31,1
2024-08-05,20240805,2024,3,8,Aug,2024-08,5,Mon,32,0
2024-08-06,20240806,2024,3,8,Aug,2024-08,6,Tue,32,0
2024-08-07,20240807,2024,3,8,Aug,2024-08,7,Wed,32,0
2024-08-08,20240808,2024,3,8,Aug,2024-08,8,Thu,32,0
2024-08-09,20240809,2024,3,8,Aug,2024-08,9,Fri,32,0
2024-08-10,20240810,2024,3,8,Aug,2024-08,10,Sat,32,1
2024-08-11,20240811,2024,3,8,Aug,2024-08,11,Sun,32,1
2024-08-12,20240812,2024,3,8,Aug,2024-08,12,Mon,33,0
2024-08-13,20240813,2024,3,8,Aug,2024-08,13,Tue,33,0
2024-08-14,20240814,2024,3,8,Aug,2024-08,14,Wed,33,0
2024-08-15,20240815,2024,3,8,Aug,2024-08,15,Thu,33,0
2024-08-16,20240816,2024,3,8,Aug,2024-08,16,Fri,33,0
2024-08-17,20240817,2024,3,8,Aug,2024-08,17,Sat,33,1
2024-08-18,20240818,2024,3,8,Aug,2024-08,18,Sun,33,1
2024-08-19,20240819,2024,3,8,Aug,2024-08,19,Mon,34,0
2024-08-20,20240820,2024,3,8,Aug,2024-08,20,Tue,34,0
2024-08-21,20240821,2024,3,8,Aug,2024-08,21,Wed,34,0
2024-08-22,20240822,2024,3,8,Aug,2024-08,22,Thu,34,0
2024-08-23,20240823,2024,3,8,Aug,2024-08,23,Fri,34,0
2024-08-24,20240824,2024,3,8,Aug,2024-08,24,Sat,34,1
2024-08-25,20240825,2024,3,8,Aug,2024-08,25,Sun,34,1
2024-08-26,20240826,2024,3,8,Aug,2024-08,26,Mon,35,0
2024-08-27,20240827,2024,3,8,Aug,2024-08,27,Tue,35,0
2024-08-28,20240828,2024,3,8,Aug,2024-08,28,Wed,35,0
2024-08-29,20240829,2024,3,8,Aug,2024-08,29,Thu,35,0
2024-08-30,20240830,2024,3,8,Aug,2024-08,30,Fri,35,0
2024-08-31,20240831,2024,3,8,Aug,2024-08,31,Sat,35,1
2024-09-01,20240901,2024,3,9,Sep,2024-09,1,Sun,35,1
2024-09-02,20240902,2024,3,9,Sep,2024-09,2,Mon,36,0
2024-09-03,20240903,2024,3,9,Sep,2024-09,3,Tue,36,0
2024-09-04,20240904,2024,3,9,Sep,2024-09,4,Wed,36,0
2024-09-05,20240905,2024,3,9,Sep,2024-09,5,Thu,36,0
2024-09-06,20240906,2024,3,9,Sep,2024-09,6,Fri,36,0
2024-09-07,20240907,2024,3,9,Sep,2024-09,7,Sat,36,1
2024-09-08,20240908,2024,3,9,Sep,2024-09,8,Sun,36,1
2024-09-09,20240909,2024,3,9,Sep,2024-09,9,Mon,37,0
2024-09-10,20240910,2024,3,9,Sep,2024-09,10,Tue,37,0
2024-09-11,20240911,2024,3,9,Sep,2024-09,11,Wed,37,0
2024-09-12,20240912,2024,3,9,Sep,2024-09,12,Thu,37,0
2024-09-13,20240913,2024,3,9,Sep,2024-09,13,Fri,37,0
2024-09-14,20240914,2024,3,9,Sep,2024-09,14,Sat,37,1
2024-09-15,20240915,2024,3,9,Sep,2024-09,15,Sun,37,1
2024-09-16,20240916,2024,3,9,Sep,2024-09,16,Mon,38,0
2024-09-17,20240917,2024,3,9,Sep,2024-09,17,Tue,38,0
2024-09-18,20240918,2024,3,9,Sep,2024-09,18,Wed,38,0
2024-09-19,20240919,2024,3,9,Sep,2024-09,19,Thu,38,0
2024-09-20,20240920,2024,3,9,Sep,2024-09,20,Fri,38,0
2024-09-21,20240921,2024,3,9,Sep,2024-09,21,Sat,38,1
2024-09-22,20240922,2024,3,9,Sep,2024-09,22,Sun,38,1
2024-09-23,20240923,2024,3,9,Sep,2024-09,23,Mon,39,0
2024-09-24,20240924,2024,3,9,Sep,2024-09,24,Tue,39,0
2024-09-25,20240925,2024,3,9,Sep,2024-09,25,Wed,39,0
2024-09-26,20240926,2024,3,9,Sep,2024-09,26,Thu,39,0
2024-09-27,20240927,2024,3,9,Sep,2024-09,27,Fri,39,0
2024-09-28,20240928,2024,3,9,Sep,2024-09,28,Sat,39,1
2024-09-29,20240929,2024,3,9,Sep,2024-09,29,Sun,39,1
2024-09-30,20240930,2024,3,9,Sep,2024-09,30,Mon,40,0
2024-10-01,20241001,2024,4,10,Oct,2024-10,1,Tue,40,0
2024-10-02,20241002,2024,4,10,Oct,2024-10,2,Wed,40,0
2024-10-03,20241003,2024,4,10,Oct,2024-10,3,Thu,40,0
2024-10-04,20241004,2024,4,10,Oct,2024-10,4,Fri,40,0
2024-10-05,20241005,2024,4,10,Oct,2024-10,5,Sat,40,1
2024-10-06,20241006,2024,4,10,Oct,2024-10,6,Sun,40,1
2024-10-07,20241007,2024,4,10,Oct,2024-10,7,Mon,41,0
2024-10-08,20241008,2024,4,10,Oct,2024-10,8,Tue,41,0
2024-10-09,20241009,2024,4,10,Oct,2024-10,9,Wed,41,0
2024-10-10,20241010,2024,4,10,Oct,2024-10,10,Thu,41,0
2024-10-11,20241011,2024,4,10,Oct,2024-10,11,Fri,41,0
2024-10-12,20241012,2024,4,10,Oct,2024-10,12,Sat,41,1
2024-10-13,20241013,2024,4,10,Oct,2024-10,13,Sun,41,1
2024-10-14,20241014,2024,4,10,Oct,2024-10,14,Mon,42,0
2024-10-15,20241015,2024,4,10,Oct,2024-10,15,Tue,42,0
2024-10-16,20241016,2024,4,10,Oct,2024-10,16,Wed,42,0
2024-10-17,20241017,2024,4,10,Oct,2024-10,17,Thu,42,0
2024-10-18,20241018,2024,4,10,Oct,2024-10,18,Fri,42,0
2024-10-19,20241019,2024,4,10,Oct,2024-10,19,Sat,42,1
2024-10-20,20241020,2024,4,10,Oct,2024-10,20,Sun,42,1
2024-10-21,20241021,2024,4,10,Oct,2024-10,21,Mon,43,0
2024-10-22,20241022,2024,4,10,Oct,2024-10,22,Tue,43,0
2024-10-23,20241023,2024,4,10,Oct,2024-10,23,Wed,43,0
2024-10-24,20241024,2024,4,10,Oct,2024-10,24,Thu,43,0
2024-10-25,20241025,2024,4,10,Oct,2024-10,25,Fri,43,0
2024-10-26,20241026,2024,4,10,Oct,2024-10,26,Sat,43,1
2024-10-27,20241027,2024,4,10,Oct,2024-10,27,Sun,43,1
2024-10-28,20241028,2024,4,10,Oct,2024-10,28,Mon,44,0
2024-10-29,20241029,2024,4,10,Oct,2024-10,29,Tue,44,0
2024-10-30,20241030,2024,4,10,Oct,2024-10,30,Wed,44,0
2024-10-31,20241031,2024,4,10,Oct,2024-10,31,Thu,44,0
2024-11-01,20241101,2024,4,11,Nov,2024-11,1,Fri,44,0
2024-11-02,20241102,2024,4,11,Nov,2024-11,2,Sat,44,1
2024-11-03,20241103,2024,4,11,Nov,2024-11,3,Sun,44,1
2024-11-04,20241104,2024,4,11,Nov,2024-11,4,Mon,45,0
2024-11-05,20241105,2024,4,11,Nov,2024-11,5,Tue,45,0
2024-11-06,20241106,2024,4,11,Nov,2024-11,6,Wed,45,0
2024-11-07,20241107,2024,4,11,Nov,2024-11,7,Thu,45,0
2024-11-08,20241108,2024,4,11,Nov,2024-11,8,Fri,45,0
2024-11-09,20241109,2024,4,11,Nov,2024-11,9,Sat,45,1
2024-11-10,20241110,2024,4,11,Nov,2024-11,10,Sun,45,1
2024-11-11,20241111,2024,4,11,Nov,2024-11,11,Mon,46,0
2024-11-12,20241112,2024,4,11,Nov,2024-11,12,Tue,46,0
2024-11-13,20241113,2024,4,11,Nov,2024-11,13,Wed,46,0
2024-11-14,20241114,2024,4,11,Nov,2024-11,14,Thu,46,0
2024-11-15,20241115,2024,4,11,Nov,2024-11,15,Fri,46,0
2024-11-16,20241116,2024,4,11,Nov,2024-11,16,Sat,46,1
2024-11-17,20241117,2024,4,11,Nov,2024-11,17,Sun,46,1
2024-11-18,20241118,2024,4,11,Nov,2024-11,18,Mon,47,0
2024-11-19,20241119,2024,4,11,Nov,2024-11,19,Tue,47,0
2024-11-20,20241120,2024,4,11,Nov,2024-11,20,Wed,47,0
2024-11-21,20241121,2024,4,11,Nov,2024-11,21,Thu,47,0
2024-11-22,20241122,2024,4,11,Nov,2024-11,22,Fri,47,0
2024-11-23,20241123,2024,4,11,Nov,2024-11,23,Sat,47,1
2024-11-24,20241124,2024,4,11,Nov,2024-11,24,Sun,47,1
2024-11-25,20241125,2024,4,11,Nov,2024-11,25,Mon,48,0
2024-11-26,20241126,2024,4,11,Nov,2024-11,26,Tue,48,0
2024-11-27,20241127,2024,4,11,Nov,2024-11,27,Wed,48,0
2024-11-28,20241128,2024,4,11,Nov,2024-11,28,Thu,48,0
2024-11-29,20241129,2024,4,11,Nov,2024-11,29,Fri,48,0
2024-11-30,20241130,2024,4,11,Nov,2024-11,30,Sat,48,1
2024-12-01,20241201,2024,4,12,Dec,2024-12,1,Sun,48,1
2024-12-02,20241202,2024,4,12,Dec,2024-12,2,Mon,49,0
2024-12-03,20241203,2024,4,12,Dec,2024-12,3,Tue,49,0
2024-12-04,20241204,2024,4,12,Dec,2024-12,4,Wed,49,0
2024-12-05,20241205,2024,4,12,Dec,2024-12,5,Thu,49,0
2024-12-06,20241206,2024,4,12,Dec,2024-12,6,Fri,49,0
2024-12-07,20241207,2024,4,12,Dec,2024-12,7,Sat,49,1
2024-12-08,20241208,2024,4,12,Dec,2024-12,8,Sun,49,1
2024-12-09,20241209,2024,4,12,Dec,2024-12,9,Mon,50,0
2024-12-10,20241210,2024,4,12,Dec,2024-12,10,Tue,50,0
2024-12-11,20241211,2024,4,12,Dec,2024-12,11,Wed,50,0
2024-12-12,20241212,2024,4,12,Dec,2024-12,12,Thu,50,0
2024-12-13,20241213,2024,4,12,Dec,2024-12,13,Fri,50,0
2024-12-14,20241214,2024,4,12,Dec,2024-12,14,Sat,50,1
2024-12-15,20241215,2024,4,12,Dec,2024-12,15,Sun,50,1
2024-12-16,20241216,2024,4,12,Dec,2024-12,16,Mon,51,0
2024-12-17,20241217,2024,4,12,Dec,2024-12,17,Tue,51,0
2024-12-18,20241218,2024,4,12,Dec,2024-12,18,Wed,51,0
2024-12-19,20241219,2024,4,12,Dec,2024-12,19,Thu,51,0
2024-12-20,20241220,2024,4,12,Dec,2024-12,20,Fri,51,0
2024-12-21,20241221,2024,4,12,Dec,2024-12,21,Sat,51,1
2024-12-22,20241222,2024,4,12,Dec,2024-12,22,Sun,51,1
2024-12-23,20241223,2024,4,12,Dec,2024-12,23,Mon,52,0
2024-12-24,20241224,2024,4,12,Dec,2024-12,24,Tue,52,0
2024-12-25,20241225,2024,4,12,Dec,2024-12,25,Wed,52,0
2024-12-26,20241226,2024,4,12,Dec,2024-12,26,Thu,52,0
2024-12-27,20241227,2024,4,12,Dec,2024-12,27,Fri,52,0
2024-12-28,20241228,2024,4,12,Dec,2024-12,28,Sat,52,1
2024-12-29,20241229,2024,4,12,Dec,2024-12,29,Sun,52,1
2024-12-30,20241230,2024,4,12,Dec,2024-12,30,Mon,1,0
2024-12-31,20241231,2024,4,12,Dec,2024-12,31,Tue,1,0
2025-01-01,20250101,2025,1,1,Jan,2025-01,1,Wed,1,0
2025-01-02,20250102,2025,1,1,Jan,2025-01,2,Thu,1,0
2025-01-03,20250103,2025,1,1,Jan,2025-01,3,Fri,1,0
2025-01-04,20250104,2025,1,1,Jan,2025-01,4,Sat,1,1
2025-01-05,20250105,2025,1,1,Jan,2025-01,5,Sun,1,1
2025-01-06,20250106,2025,1,1,Jan,2025-01,6,Mon,2,0
2025-01-07,20250107,2025,1,1,Jan,2025-01,7,Tue,2,0
2025-01-08,20250108,2025,1,1,Jan,2025-01,8,Wed,2,0
2025-01-09,20250109,2025,1,1,Jan,2025-01,9,Thu,2,0
2025-01-10,20250110,2025,1,1,Jan,2025-01,10,Fri,2,0
2025-01-11,20250111,2025,1,1,Jan,2025-01,11,Sat,2,1
2025-01-12,20250112,2025,1,1,Jan,2025-01,12,Sun,2,1
2025-01-13,20250113,2025,1,1,Jan,2025-01,13,Mon,3,0
2025-01-14,20250114,2025,1,1,Jan,2025-01,14,Tue,3,0
2025-01-15,20250115,2025,1,1,Jan,2025-01,15,Wed,3,0
2025-01-16,20250116,2025,1,1,Jan,2025-01,16,Thu,3,0
2025-01-17,20250117,2025,1,1,Jan,2025-01,17,Fri,3,0
2025-01-18,20250118,2025,1,1,Jan,2025-01,18,Sat,3,1
2025-01-19,20250119,2025,1,1,Jan,2025-01,19,Sun,3,1
2025-01-20,20250120,2025,1,1,Jan,2025-01,20,Mon,4,0
2025-01-21,20250121,2025,1,1,Jan,2025-01,21,Tue,4,0
2025-01-22,20250122,2025,1,1,Jan,2025-01,22,Wed,4,0
2025-01-23,20250123,2025,1,1,Jan,2025-01,23,Thu,4,0
2025-01-24,20250124,2025,1,1,Jan,2025-01,24,Fri,4,0
2025-01-25,20250125,2025,1,1,Jan,2025-01,25,Sat,4,1
2025-01-26,20250126,2025,1,1,Jan,2025-01,26,Sun,4,1
2025-01-27,20250127,2025,1,1,Jan,2025-01,27,Mon,5,0
2025-01-28,20250128,2025,1,1,Jan,2025-01,28,Tue,5,0
2025-01-29,20250129,2025,1,1,Jan,2025-01,29,Wed,5,0
2025-01-30,20250130,2025,1,1,Jan,2025-01,30,Thu,5,0
2025-01-31,20250131,2025,1,1,Jan,2025-01,31,Fri,5,0
2025-02-01,20250201,2025,1,2,Feb,2025-02,1,Sat,5,1
2025-02-02,20250202,2025,1,2,Feb,2025-02,2,Sun,5,1
2025-02-03,20250203,2025,1,2,Feb,2025-02,3,Mon,6,0
2025-02-04,20250204,2025,1,2,Feb,2025-02,4,Tue,6,0
2025-02-05,20250205,2025,1,2,Feb,2025-02,5,Wed,6,0
2025-02-06,20250206,2025,1,2,Feb,2025-02,6,Thu,6,0
2025-02-07,20250207,2025,1,2,Feb,2025-02,7,Fri,6,0
2025-02-08,20250208,2025,1,2,Feb,2025-02,8,Sat,6,1
2025-02-09,20250209,2025,1,2,Feb,2025-02,9,Sun,6,1
2025-02-10,20250210,2025,1,2,Feb,2025-02,10,Mon,7,0
2025-02-11,20250211,2025,1,2,Feb,2025-02,11,Tue,7,0
2025-02-12,20250212,2025,1,2,Feb,2025-02,12,Wed,7,0
2025-02-13,20250213,2025,1,2,Feb,2025-02,13,Thu,7,0
2025-02-14,20250214,2025,1,2,Feb,2025-02,14,Fri,7,0
2025-02-15,20250215,2025,1,2,Feb,2025-02,15,Sat,7,1
2025-02-16,20250216,2025,1,2,Feb,2025-02,16,Sun,7,1
2025-02-17,20250217,2025,1,2,Feb,2025-02,17,Mon,8,0
2025-02-18,20250218,2025,1,2,Feb,2025-02,18,Tue,8,0
2025-02-19,20250219,2025,1,2,Feb,2025-02,19,Wed,8,0
2025-02-20,20250220,2025,1,2,Feb,2025-02,20,Thu,8,0
2025-02-21,20250221,2025,1,2,Feb,2025-02,21,Fri,8,0
2025-02-22,20250222,2025,1,2,Feb,2025-02,22,Sat,8,1
2025-02-23,20250223,2025,1,2,Feb,2025-02,23,Sun,8,1
2025-02-24,20250224,2025,1,2,Feb,2025-02,24,Mon,9,0
2025-02-25,20250225,2025,1,2,Feb,2025-02,25,Tue,9,0
2025-02-26,20250226,2025,1,2,Feb,2025-02,26,Wed,9,0
2025-02-27,20250227,2025,1,2,Feb,2025-02,27,Thu,9,0
2025-02-28,20250228,2025,1,2,Feb,2025-02,28,Fri,9,0
2025-03-01,20250301,2025,1,3,Mar,2025-03,1,Sat,9,1
2025-03-02,20250302,2025,1,3,Mar,2025-03,2,Sun,9,1
2025-03-03,20250303,2025,1,3,Mar,2025-03,3,Mon,10,0
2025-03-04,20250304,2025,1,3,Mar,2025-03,4,Tue,10,0
2025-03-05,20250305,2025,1,3,Mar,2025-03,5,Wed,10,0
2025-03-06,20250306,2025,1,3,Mar,2025-03,6,Thu,10,0
2025-03-07,20250307,2025,1,3,Mar,2025-03,7,Fri,10,0
2025-03-08,20250308,2025,1,3,Mar,2025-03,8,Sat,10,1
2025-03-09,20250309,2025,1,3,Mar,2025-03,9,Sun,10,1
2025-03-10,20250310,2025,1,3,Mar,2025-03,10,Mon,11,0
2025-03-11,20250311,2025,1,3,Mar,2025-03,11,Tue,11,0
2025-03-12,20250312,2025,1,3,Mar,2025-03,12,Wed,11,0
2025-03-13,20250313,2025,1,3,Mar,2025-03,13,Thu,11,0
2025-03-14,20250314,2025,1,3,Mar,2025-03,14,Fri,11,0
2025-03-15,20250315,2025,1,3,Mar,2025-03,15,Sat,11,1
2025-03-16,20250316,2025,1,3,Mar,2025-03,16,Sun,11,1
2025-03-17,20250317,2025,1,3,Mar,2025-03,17,Mon,12,0
2025-03-18,20250318,2025,1,3,Mar,2025-03,18,Tue,12,0
2025-03-19,20250319,2025,1,3,Mar,2025-03,19,Wed,12,0
2025-03-20,20250320,2025,1,3,Mar,2025-03,20,Thu,12,0
2025-03-21,20250321,2025,1,3,Mar,2025-03,21,Fri,12,0
2025-03-22,20250322,2025,1,3,Mar,2025-03,22,Sat,12,1
2025-03-23,20250323,2025,1,3,Mar,2025-03,23,Sun,12,1
2025-03-24,20250324,2025,1,3,Mar,2025-03,24,Mon,13,0
2025-03-25,20250325,2025,1,3,Mar,2025-03,25,Tue,13,0
2025-03-26,20250326,2025,1,3,Mar,2025-03,26,Wed,13,0
2025-03-27,20250327,2025,1,3,Mar,2025-03,27,Thu,13,0
2025-03-28,20250328,2025,1,3,Mar,2025-03,28,Fri,13,0
2025-03-29,20250329,2025,1,3,Mar,2025-03,29,Sat,13,1
2025-03-30,20250330,2025,1,3,Mar,2025-03,30,Sun,13,1
2025-03-31,20250331,2025,1,3,Mar,2025-03,31,Mon,14,0
2025-04-01,20250401,2025,2,4,Apr,2025-04,1,Tue,14,0
2025-04-02,20250402,2025,2,4,Apr,2025-04,2,Wed,14,0
2025-04-03,20250403,2025,2,4,Apr,2025-04,3,Thu,14,0
2025-04-04,20250404,2025,2,4,Apr,2025-04,4,Fri,14,0
2025-04-05,20250405,2025,2,4,Apr,2025-04,5,Sat,14,1
2025-04-06,20250406,2025,2,4,Apr,2025-04,6,Sun,14,1
2025-04-07,20250407,2025,2,4,Apr,2025-04,7,Mon,15,0
2025-04-08,20250408,2025,2,4,Apr,2025-04,8,Tue,15,0
2025-04-09,20250409,2025,2,4,Apr,2025-04,9,Wed,15,0
2025-04-10,20250410,2025,2,4,Apr,2025-04,10,Thu,15,0
2025-04-11,20250411,2025,2,4,Apr,2025-04,11,Fri,15,0
2025-04-12,20250412,2025,2,4,Apr,2025-04,12,Sat,15,1
2025-04-13,20250413,2025,2,4,Apr,2025-04,13,Sun,15,1
2025-04-14,20250414,2025,2,4,Apr,2025-04,14,Mon,16,0
2025-04-15,20250415,2025,2,4,Apr,2025-04,15,Tue,16,0
2025-04-16,20250416,2025,2,4,Apr,2025-04,16,Wed,16,0
2025-04-17,20250417,2025,2,4,Apr,2025-04,17,Thu,16,0
2025-04-18,20250418,2025,2,4,Apr,2025-04,18,Fri,16,0
2025-04-19,20250419,2025,2,4,Apr,2025-04,19,Sat,16,1
2025-04-20,20250420,2025,2,4,Apr,2025-04,20,Sun,16,1
2025-04-21,20250421,2025,2,4,Apr,2025-04,21,Mon,17,0
2025-04-22,20250422,2025,2,4,Apr,2025-04,22,Tue,17,0
2025-04-23,20250423,2025,2,4,Apr,2025-04,23,Wed,17,0
2025-04-24,20250424,2025,2,4,Apr,2025-04,24,Thu,17,0
2025-04-25,20250425,2025,2,4,Apr,2025-04,25,Fri,17,0
2025-04-26,20250426,2025,2,4,Apr,2025-04,26,Sat,17,1
2025-04-27,20250427,2025,2,4,Apr,2025-04,27,Sun,17,1
2025-04-28,20250428,2025,2,4,Apr,2025-04,28,Mon,18,0
2025-04-29,20250429,2025,2,4,Apr,2025-04,29,Tue,18,0
2025-04-30,20250430,2025,2,4,Apr,2025-04,30,Wed,18,0
2025-05-01,20250501,2025,2,5,May,2025-05,1,Thu,18,0
2025-05-02,20250502,2025,2,5,May,2025-05,2,Fri,18,0
2025-05-03,20250503,2025,2,5,May,2025-05,3,Sat,18,1
2025-05-04,20250504,2025,2,5,May,2025-05,4,Sun,18,1
2025-05-05,20250505,2025,2,5,May,2025-05,5,Mon,19,0
2025-05-06,20250506,2025,2,5,May,2025-05,6,Tue,19,0
2025-05-07,20250507,2025,2,5,May,2025-05,7,Wed,19,0
2025-05-08,20250508,2025,2,5,May,2025-05,8,Thu,19,0
2025-05-09,20250509,2025,2,5,May,2025-05,9,Fri,19,0
2025-05-10,20250510,2025,2,5,May,2025-05,10,Sat,19,1
2025-05-11,20250511,2025,2,5,May,2025-05,11,Sun,19,1
2025-05-12,20250512,2025,2,5,May,2025-05,12,Mon,20,0
2025-05-13,20250513,2025,2,5,May,2025-05,13,Tue,20,0
2025-05-14,20250514,2025,2,5,May,2025-05,14,Wed,20,0
2025-05-15,20250515,2025,2,5,May,2025-05,15,Thu,20,0
2025-05-16,20250516,2025,2,5,May,2025-05,16,Fri,20,0
2025-05-17,20250517,2025,2,5,May,2025-05,17,Sat,20,1
2025-05-18,20250518,2025,2,5,May,2025-05,18,Sun,20,1
2025-05-19,20250519,2025,2,5,May,2025-05,19,Mon,21,0
2025-05-20,20250520,2025,2,5,May,2025-05,20,Tue,21,0
2025-05-21,20250521,2025,2,5,May,2025-05,21,Wed,21,0
2025-05-22,20250522,2025,2,5,May,2025-05,22,Thu,21,0
2025-05-23,20250523,2025,2,5,May,2025-05,23,Fri,21,0
2025-05-24,20250524,2025,2,5,May,2025-05,24,Sat,21,1
2025-05-25,20250525,2025,2,5,May,2025-05,25,Sun,21,1
2025-05-26,20250526,2025,2,5,May,2025-05,26,Mon,22,0
2025-05-27,20250527,2025,2,5,May,2025-05,27,Tue,22,0
2025-05-28,20250528,2025,2,5,May,2025-05,28,Wed,22,0
2025-05-29,20250529,2025,2,5,May,2025-05,29,Thu,22,0
2025-05-30,20250530,2025,2,5,May,2025-05,30,Fri,22,0
2025-05-31,20250531,2025,2,5,May,2025-05,31,Sat,22,1
2025-06-01,20250601,2025,2,6,Jun,2025-06,1,Sun,22,1
2025-06-02,20250602,2025,2,6,Jun,2025-06,2,Mon,23,0
2025-06-03,20250603,2025,2,6,Jun,2025-06,3,Tue,23,0
2025-06-04,20250604,2025,2,6,Jun,2025-06,4,Wed,23,0
2025-06-05,20250605,2025,2,6,Jun,2025-06,5,Thu,23,0
2025-06-06,20250606,2025,2,6,Jun,2025-06,6,Fri,23,0
2025-06-07,20250607,2025,2,6,Jun,2025-06,7,Sat,23,1
2025-06-08,20250608,2025,2,6,Jun,2025-06,8,Sun,23,1
2025-06-09,20250609,2025,2,6,Jun,2025-06,9,Mon,24,0
2025-06-10,20250610,2025,2,6,Jun,2025-06,10,Tue,24,0
2025-06-11,20250611,2025,2,6,Jun,2025-06,11,Wed,24,0
2025-06-12,20250612,2025,2,6,Jun,2025-06,12,Thu,24,0
2025-06-13,20250613,2025,2,6,Jun,2025-06,13,Fri,24,0
2025-06-14,20250614,2025,2,6,Jun,2025-06,14,Sat,24,1
2025-06-15,20250615,2025,2,6,Jun,2025-06,15,Sun,24,1
2025-06-16,20250616,2025,2,6,Jun,2025-06,16,Mon,25,0
2025-06-17,20250617,2025,2,6,Jun,2025-06,17,Tue,25,0
2025-06-18,20250618,2025,2,6,Jun,2025-06,18,Wed,25,0
2025-06-19,20250619,2025,2,6,Jun,2025-06,19,Thu,25,0
2025-06-20,20250620,2025,2,6,Jun,2025-06,20,Fri,25,0
2025-06-21,20250621,2025,2,6,Jun,2025-06,21,Sat,25,1
2025-06-22,20250622,2025,2,6,Jun,2025-06,22,Sun,25,1
2025-06-23,20250623,2025,2,6,Jun,2025-06,23,Mon,26,0
2025-06-24,20250624,2025,2,6,Jun,2025-06,24,Tue,26,0
2025-06-25,20250625,2025,2,6,Jun,2025-06,25,Wed,26,0
2025-06-26,20250626,2025,2,6,Jun,2025-06,26,Thu,26,0
2025-06-27,20250627,2025,2,6,Jun,2025-06,27,Fri,26,0
2025-06-28,20250628,2025,2,6,Jun,2025-06,28,Sat,26,1
2025-06-29,20250629,2025,2,6,Jun,2025-06,29,Sun,26,1
2025-06-30,20250630,2025,2,6,Jun,2025-06,30,Mon,27,0
2025-07-01,20250701,2025,3,7,Jul,2025-07,1,Tue,27,0
2025-07-02,20250702,2025,3,7,Jul,2025-07,2,Wed,27,0
2025-07-03,20250703,2025,3,7,Jul,2025-07,3,Thu,27,0
2025-07-04,20250704,2025,3,7,Jul,2025-07,4,Fri,27,0
2025-07-05,20250705,2025,3,7,Jul,2025-07,5,Sat,27,1
2025-07-06,20250706,2025,3,7,Jul,2025-07,6,Sun,27,1
2025-07-07,20250707,2025,3,7,Jul,2025-07,7,Mon,28,0
2025-07-08,20250708,2025,3,7,Jul,2025-07,8,Tue,28,0
2025-07-09,20250709,2025,3,7,Jul,2025-07,9,Wed,28,0
2025-07-10,20250710,2025,3,7,Jul,2025-07,10,Thu,28,0
2025-07-11,20250711,2025,3,7,Jul,2025-07,11,Fri,28,0
2025-07-12,20250712,2025,3,7,Jul,2025-07,12,Sat,28,1
2025-07-13,20250713,2025,3,7,Jul,2025-07,13,Sun,28,1
2025-07-14,20250714,2025,3,7,Jul,2025-07,14,Mon,29,0
2025-07-15,20250715,2025,3,7,Jul,2025-07,15,Tue,29,0
2025-07-16,20250716,2025,3,7,Jul,2025-07,16,Wed,29,0
2025-07-17,20250717,2025,3,7,Jul,2025-07,17,Thu,29,0
2025-07-18,20250718,2025,3,7,Jul,2025-07,18,Fri,29,0
2025-07-19,20250719,2025,3,7,Jul,2025-07,19,Sat,29,1
2025-07-20,20250720,2025,3,7,Jul,2025-07,20,Sun,29,1
2025-07-21,20250721,2025,3,7,Jul,2025-07,21,Mon,30,0
2025-07-22,20250722,2025,3,7,Jul,2025-07,22,Tue,30,0
2025-07-23,20250723,2025,3,7,Jul,2025-07,23,Wed,30,0
2025-07-24,20250724,2025,3,7,Jul,2025-07,24,Thu,30,0
2025-07-25,20250725,2025,3,7,Jul,2025-07,25,Fri,30,0
2025-07-26,20250726,2025,3,7,Jul,2025-07,26,Sat,30,1
2025-07-27,20250727,2025,3,7,Jul,2025-07,27,Sun,30,1
2025-07-28,20250728,2025,3,7,Jul,2025-07,28,Mon,31,0
2025-07-29,20250729,2025,3,7,Jul,2025-07,29,Tue,31,0
2025-07-30,20250730,2025,3,7,Jul,2025-07,30,Wed,31,0
2025-07-31,20250731,2025,3,7,Jul,2025-07,31,Thu,31,0
2025-08-01,20250801,2025,3,8,Aug,2025-08,1,Fri,31,0
2025-08-02,20250802,2025,3,8,Aug,2025-08,2,Sat,31,1
2025-08-03,20250803,2025,3,8,Aug,2025-08,3,Sun,31,1
2025-08-04,20250804,2025,3,8,Aug,2025-08,4,Mon,32,0
2025-08-05,20250805,2025,3,8,Aug,2025-08,5,Tue,32,0
2025-08-06,20250806,2025,3,8,Aug,2025-08,6,Wed,32,0
2025-08-07,20250807,2025,3,8,Aug,2025-08,7,Thu,32,0
2025-08-08,20250808,2025,3,8,Aug,2025-08,8,Fri,32,0
2025-08-09,20250809,2025,3,8,Aug,2025-08,9,Sat,32,1
2025-08-10,20250810,2025,3,8,Aug,2025-08,10,Sun,32,1
2025-08-11,20250811,2025,3,8,Aug,2025-08,11,Mon,33,0
2025-08-12,20250812,2025,3,8,Aug,2025-08,12,Tue,33,0
2025-08-13,20250813,2025,3,8,Aug,2025-08,13,Wed,33,0
2025-08-14,20250814,2025,3,8,Aug,2025-08,14,Thu,33,0
2025-08-15,20250815,2025,3,8,Aug,2025-08,15,Fri,33,0
2025-08-16,20250816,2025,3,8,Aug,2025-08,16,Sat,33,1
2025-08-17,20250817,2025,3,8,Aug,2025-08,17,Sun,33,1
2025-08-18,20250818,2025,3,8,Aug,2025-08,18,Mon,34,0
2025-08-19,20250819,2025,3,8,Aug,2025-08,19,Tue,34,0
2025-08-20,20250820,2025,3,8,Aug,2025-08,20,Wed,34,0
2025-08-21,20250821,2025,3,8,Aug,2025-08,21,Thu,34,0
2025-08-22,20250822,2025,3,8,Aug,2025-08,22,Fri,34,0
2025-08-23,20250823,2025,3,8,Aug,2025-08,23,Sat,34,1
2025-08-24,20250824,2025,3,8,Aug,2025-08,24,Sun,34,1
2025-08-25,20250825,2025,3,8,Aug,2025-08,25,Mon,35,0
2025-08-26,20250826,2025,3,8,Aug,2025-08,26,Tue,35,0
2025-08-27,20250827,2025,3,8,Aug,2025-08,27,Wed,35,0
2025-08-28,20250828,2025,3,8,Aug,2025-08,28,Thu,35,0
2025-08-29,20250829,2025,3,8,Aug,2025-08,29,Fri,35,0
2025-08-30,20250830,2025,3,8,Aug,2025-08,30,Sat,35,1
2025-08-31,20250831,2025,3,8,Aug,2025-08,31,Sun,35,1
2025-09-01,20250901,2025,3,9,Sep,2025-09,1,Mon,36,0
2025-09-02,20250902,2025,3,9,Sep,2025-09,2,Tue,36,0
2025-09-03,20250903,2025,3,9,Sep,2025-09,3,Wed,36,0
2025-09-04,20250904,2025,3,9,Sep,2025-09,4,Thu,36,0
2025-09-05,20250905,2025,3,9,Sep,2025-09,5,Fri,36,0
2025-09-06,20250906,2025,3,9,Sep,2025-09,6,Sat,36,1
2025-09-07,20250907,2025,3,9,Sep,2025-09,7,Sun,36,1
2025-09-08,20250908,2025,3,9,Sep,2025-09,8,Mon,37,0
2025-09-09,20250909,2025,3,9,Sep,2025-09,9,Tue,37,0
2025-09-10,20250910,2025,3,9,Sep,2025-09,10,Wed,37,0
2025-09-11,20250911,2025,3,9,Sep,2025-09,11,Thu,37,0
2025-09-12,20250912,2025,3,9,Sep,2025-09,12,Fri,37,0
2025-09-13,20250913,2025,3,9,Sep,2025-09,13,Sat,37,1
2025-09-14,20250914,2025,3,9,Sep,2025-09,14,Sun,37,1
2025-09-15,20250915,2025,3,9,Sep,2025-09,15,Mon,38,0
2025-09-16,20250916,2025,3,9,Sep,2025-09,16,Tue,38,0
2025-09-17,20250917,2025,3,9,Sep,2025-09,17,Wed,38,0
2025-09-18,20250918,2025,3,9,Sep,2025-09,18,Thu,38,0
2025-09-19,20250919,2025,3,9,Sep,2025-09,19,Fri,38,0
2025-09-20,20250920,2025,3,9,Sep,2025-09,20,Sat,38,1
2025-09-21,20250921,2025,3,9,Sep,2025-09,21,Sun,38,1
2025-09-22,20250922,2025,3,9,Sep,2025-09,22,Mon,39,0
2025-09-23,20250923,2025,3,9,Sep,2025-09,23,Tue,39,0
2025-09-24,20250924,2025,3,9,Sep,2025-09,24,Wed,39,0
2025-09-25,20250925,2025,3,9,Sep,2025-09,25,Thu,39,0
2025-09-26,20250926,2025,3,9,Sep,2025-09,26,Fri,39,0
2025-09-27,20250927,2025,3,9,Sep,2025-09,27,Sat,39,1
2025-09-28,20250928,2025,3,9,Sep,2025-09,28,Sun,39,1
2025-09-29,20250929,2025,3,9,Sep,2025-09,29,Mon,40,0
2025-09-30,20250930,2025,3,9,Sep,2025-09,30,Tue,40,0
2025-10-01,20251001,2025,4,10,Oct,2025-10,1,Wed,40,0
2025-10-02,20251002,2025,4,10,Oct,2025-10,2,Thu,40,0
2025-10-03,20251003,2025,4,10,Oct,2025-10,3,Fri,40,0
2025-10-04,20251004,2025,4,10,Oct,2025-10,4,Sat,40,1
2025-10-05,20251005,2025,4,10,Oct,2025-10,5,Sun,40,1
2025-10-06,20251006,2025,4,10,Oct,2025-10,6,Mon,41,0
2025-10-07,20251007,2025,4,10,Oct,2025-10,7,Tue,41,0
2025-10-08,20251008,2025,4,10,Oct,2025-10,8,Wed,41,0
2025-10-09,20251009,2025,4,10,Oct,2025-10,9,Thu,41,0
2025-10-10,20251010,2025,4,10,Oct,2025-10,10,Fri,41,0
2025-10-11,20251011,2025,4,10,Oct,2025-10,11,Sat,41,1
2025-10-12,20251012,2025,4,10,Oct,2025-10,12,Sun,41,1
2025-10-13,20251013,2025,4,10,Oct,2025-10,13,Mon,42,0
2025-10-14,20251014,2025,4,10,Oct,2025-10,14,Tue,42,0
2025-10-15,20251015,2025,4,10,Oct,2025-10,15,Wed,42,0
2025-10-16,20251016,2025,4,10,Oct,2025-10,16,Thu,42,0
2025-10-17,20251017,2025,4,10,Oct,2025-10,17,Fri,42,0
2025-10-18,20251018,2025,4,10,Oct,2025-10,18,Sat,42,1
2025-10-19,20251019,2025,4,10,Oct,2025-10,19,Sun,42,1
2025-10-20,20251020,2025,4,10,Oct,2025-10,20,Mon,43,0
2025-10-21,20251021,2025,4,10,Oct,2025-10,21,Tue,43,0
2025-10-22,20251022,2025,4,10,Oct,2025-10,22,Wed,43,0
2025-10-23,20251023,2025,4,10,Oct,2025-10,23,Thu,43,0
2025-10-24,20251024,2025,4,10,Oct,2025-10,24,Fri,43,0
2025-10-25,20251025,2025,4,10,Oct,2025-10,25,Sat,43,1
2025-10-26,20251026,2025,4,10,Oct,2025-10,26,Sun,43,1
2025-10-27,20251027,2025,4,10,Oct,2025-10,27,Mon,44,0
2025-10-28,20251028,2025,4,10,Oct,2025-10,28,Tue,44,0
2025-10-29,20251029,2025,4,10,Oct,2025-10,29,Wed,44,0
2025-10-30,20251030,2025,4,10,Oct,2025-10,30,Thu,44,0
2025-10-31,20251031,2025,4,10,Oct,2025-10,31,Fri,44,0
2025-11-01,20251101,2025,4,11,Nov,2025-11,1,Sat,44,1
2025-11-02,20251102,2025,4,11,Nov,2025-11,2,Sun,44,1
2025-11-03,20251103,2025,4,11,Nov,2025-11,3,Mon,45,0
2025-11-04,20251104,2025,4,11,Nov,2025-11,4,Tue,45,0
2025-11-05,20251105,2025,4,11,Nov,2025-11,5,Wed,45,0
2025-11-06,20251106,2025,4,11,Nov,2025-11,6,Thu,45,0
2025-11-07,20251107,2025,4,11,Nov,2025-11,7,Fri,45,0
2025-11-08,20251108,2025,4,11,Nov,2025-11,8,Sat,45,1
2025-11-09,20251109,2025,4,11,Nov,2025-11,9,Sun,45,1
2025-11-10,20251110,2025,4,11,Nov,2025-11,10,Mon,46,0
2025-11-11,20251111,2025,4,11,Nov,2025-11,11,Tue,46,0
2025-11-12,20251112,2025,4,11,Nov,2025-11,12,Wed,46,0
2025-11-13,20251113,2025,4,11,Nov,2025-11,13,Thu,46,0
2025-11-14,20251114,2025,4,11,Nov,2025-11,14,Fri,46,0
2025-11-15,20251115,2025,4,11,Nov,2025-11,15,Sat,46,1
2025-11-16,20251116,2025,4,11,Nov,2025-11,16,Sun,46,1
2025-11-17,20251117,2025,4,11,Nov,2025-11,17,Mon,47,0
2025-11-18,20251118,2025,4,11,Nov,2025-11,18,Tue,47,0
2025-11-19,20251119,2025,4,11,Nov,2025-11,19,Wed,47,0
2025-11-20,20251120,2025,4,11,Nov,2025-11,20,Thu,47,0
2025-11-21,20251121,2025,4,11,Nov,2025-11,21,Fri,47,0
2025-11-22,20251122,2025,4,11,Nov,2025-11,22,Sat,47,1
2025-11-23,20251123,2025,4,11,Nov,2025-11,23,Sun,47,1
2025-11-24,20251124,2025,4,11,Nov,2025-11,24,Mon,48,0
2025-11-25,20251125,2025,4,11,Nov,2025-11,25,Tue,48,0
2025-11-26,20251126,2025,4,11,Nov,2025-11,26,Wed,48,0
2025-11-27,20251127,2025,4,11,Nov,2025-11,27,Thu,48,0
2025-11-28,20251128,2025,4,11,Nov,2025-11,28,Fri,48,0
2025-11-29,20251129,2025,4,11,Nov,2025-11,29,Sat,48,1
2025-11-30,20251130,2025,4,11,Nov,2025-11,30,Sun,48,1
2025-12-01,20251201,2025,4,12,Dec,2025-12,1,Mon,49,0
2025-12-02,20251202,2025,4,12,Dec,2025-12,2,Tue,49,0
2025-12-03,20251203,2025,4,12,Dec,2025-12,3,Wed,49,0
2025-12-04,20251204,2025,4,12,Dec,2025-12,4,Thu,49,0
2025-12-05,20251205,2025,4,12,Dec,2025-12,5,Fri,49,0
2025-12-06,20251206,2025,4,12,Dec,2025-12,6,Sat,49,1
2025-12-07,20251207,2025,4,12,Dec,2025-12,7,Sun,49,1
2025-12-08,20251208,2025,4,12,Dec,2025-12,8,Mon,50,0
2025-12-09,20251209,2025,4,12,Dec,2025-12,9,Tue,50,0
2025-12-10,20251210,2025,4,12,Dec,2025-12,10,Wed,50,0
2025-12-11,20251211,2025,4,12,Dec,2025-12,11,Thu,50,0
2025-12-12,20251212,2025,4,12,Dec,2025-12,12,Fri,50,0
2025-12-13,20251213,2025,4,12,Dec,2025-12,13,Sat,50,1
2025-12-14,20251214,2025,4,12,Dec,2025-12,14,Sun,50,1
2025-12-15,20251215,2025,4,12,Dec,2025-12,15,Mon,51,0
2025-12-16,20251216,2025,4,12,Dec,2025-12,16,Tue,51,0
2025-12-17,20251217,2025,4,12,Dec,2025-12,17,Wed,51,0
2025-12-18,20251218,2025,4,12,Dec,2025-12,18,Thu,51,0
2025-12-19,20251219,2025,4,12,Dec,2025-12,19,Fri,51,0
2025-12-20,20251220,2025,4,12,Dec,2025-12,20,Sat,51,1
2025-12-21,20251221,2025,4,12,Dec,2025-12,21,Sun,51,1
2025-12-22,20251222,2025,4,12,Dec,2025-12,22,Mon,52,0
2025-12-23,20251223,2025,4,12,Dec,2025-12,23,Tue,52,0
2025-12-24,20251224,2025,4,12,Dec,2025-12,24,Wed,52,0
2025-12-25,20251225,2025,4,12,Dec,2025-12,25,Thu,52,0
2025-12-26,20251226,2025,4,12,Dec,2025-12,26,Fri,52,0
2025-12-27,20251227,2025,4,12,Dec,2025-12,27,Sat,52,1
2025-12-28,20251228,2025,4,12,Dec,2025-12,28,Sun,52,1
2025-12-29,20251229,2025,4,12,Dec,2025-12,29,Mon,1,0
2025-12-30,20251230,2025,4,12,Dec,2025-12,30,Tue,1,0
2025-12-31,20251231,2025,4,12,Dec,2025-12,31,Wed,1,0
