YearMonth,MonthKey,RegionKey,Category,RevenueBudget,CostBudget,GrossProfitBudget
2023-01,20230101,1,Hardware,7107437.801305319,4574758.135040222,2532679.6662650974
2023-01,20230101,1,Software,7926950.93079569,3681782.6221953356,4245168.308600355
2023-01,20230101,1,Services,5524767.335975526,3176957.2066116845,2347810.1293638414
2023-01,20230101,1,Cloud,8411511.661372257,3683817.189652434,4727694.471719824
2023-01,20230101,1,Security,5865659.387551612,2934636.2394861854,2931023.148065427
2023-01,20230101,2,Hardware,7290972.538516698,4722019.056677409,2568953.481839289
2023-01,20230101,2,Software,8167832.464750534,4022597.657068793,4145234.8076817407
2023-01,20230101,2,Services,6065329.835438801,3337983.200236397,2727346.635202404
2023-01,20230101,2,Cloud,7460686.667972149,3133489.0510448487,4327197.616927301
2023-01,20230101,2,Security,6466101.394835091,3281830.35615163,3184271.038683461
2023-01,20230101,3,Hardware,7005571.05677371,4321895.564328763,2683675.4924449474
2023-01,20230101,3,Software,7839715.637138595,3787947.2743863217,4051768.362752273
2023-01,20230101,3,Services,5857268.510877399,3140788.8019700646,2716479.708907334
2023-01,20230101,3,Cloud,7797425.875906651,3458460.273636329,4338965.602270322
2023-01,20230101,3,Security,7151929.286083545,3682654.9825291825,3469274.303554362
2023-01,20230101,4,Hardware,7385563.613530822,4554990.578684541,2830573.0348462807
2023-01,20230101,4,Software,8947447.754155438,4416467.487517242,4530980.266638196
2023-01,20230101,4,Services,5942114.02396909,3197492.689696154,2744621.3342729355
2023-01,20230101,4,Cloud,9331890.024384815,4218330.09261639,5113559.931768425
2023-01,20230101,4,Security,6549410.435714918,3331247.735270095,3218162.700444823
2023-01,20230101,5,Hardware,7154025.980917422,4309303.482704377,2844722.4982130453
2023-01,20230101,5,Software,8269869.6333433455,4099045.433068919,4170824.2002744265
2023-01,20230101,5,Services,6654875.864459849,3530939.7210441725,3123936.1434156764
2023-01,20230101,5,Cloud,9371097.809496835,4088790.713235439,5282307.096261396
2023-01,20230101,5,Security,7283908.697120241,3531760.868375796,3752147.828744445
2023-01,20230101,6,Hardware,8534460.44650821,5332230.884365326,3202229.5621428844
2023-01,20230101,6,Software,9236547.663766956,4287547.728526842,4948999.935240114
2023-01,20230101,6,Services,7109510.87140948,4076895.263993203,3032615.6074162773
2023-01,20230101,6,Cloud,9271001.172963828,4025552.00669137,5245449.166272458
2023-01,20230101,6,Security,6975829.666513574,3652672.719400858,3323156.9471127163
2023-02,20230201,1,Hardware,7154909.38857955,4288935.957576121,2865973.431003429
2023-02,20230201,1,Software,7237763.080760321,3399625.550441071,3838137.5303192497
2023-02,20230201,1,Services,6283507.051562611,3417138.195729249,2866368.855833362
2023-02,20230201,1,Cloud,7663978.753585996,3525480.2305493914,4138498.5230366047
2023-02,20230201,1,Security,7376334.156539466,3590939.133122399,3785395.0234170672
2023-02,20230201,2,Hardware,7704387.600956549,4799560.393811307,2904827.207145242
2023-02,20230201,2,Software,8003245.894743664,3650773.82167422,4352472.073069444
2023-02,20230201,2,Services,6583643.102664029,3528477.643060152,3055165.4596038773
2023-02,20230201,2,Cloud,7902053.769273209,3479225.833477108,4422827.935796102
2023-02,20230201,2,Security,7063109.183801576,3537392.3006232777,3525716.883178298
2023-02,20230201,3,Hardware,8143889.360959903,5238261.16911248,2905628.191847423
2023-02,20230201,3,Software,8858847.181305565,4319965.484711329,4538881.6965942355
2023-02,20230201,3,Services,6757281.611539114,3900261.8574347906,2857019.7541043237
2023-02,20230201,3,Cloud,9536482.015763922,4194391.203492305,5342090.812271616
2023-02,20230201,3,Security,6985104.910380644,3354793.925336833,3630310.9850438107
2023-02,20230201,4,Hardware,7261940.728044129,4620347.294887145,2641593.433156984
2023-02,20230201,4,Software,8966407.776496042,4442061.237018306,4524346.539477736
2023-02,20230201,4,Services,7037243.24214843,4011564.2207738487,3025679.0213745814
2023-02,20230201,4,Cloud,9292509.819541756,3956810.460294926,5335699.3592468295
2023-02,20230201,4,Security,7115940.283466367,3606713.0761140785,3509227.2073522885
2023-02,20230201,5,Hardware,8104733.481795489,5093462.960648181,3011270.521147308
2023-02,20230201,5,Software,9098939.055625187,4436225.555851415,4662713.499773772
2023-02,20230201,5,Services,7375415.963803857,4207390.78679694,3168025.177006917
2023-02,20230201,5,Cloud,9722866.131171543,4437673.223252227,5285192.907919317
2023-02,20230201,5,Security,7124486.777866131,3526746.2179782838,3597740.559887847
2023-02,20230201,6,Hardware,8934970.308084788,5660660.915882485,3274309.392202303
2023-02,20230201,6,Software,8511874.360378372,3959910.919424692,4551963.440953679
2023-02,20230201,6,Services,7378536.089385479,4114621.6657555704,3263914.4236299084
2023-02,20230201,6,Cloud,9074123.287268136,4040940.803700454,5033182.483567681
2023-02,20230201,6,Security,7817152.896987064,3942670.6025281814,3874482.2944588824
2023-03,20230301,1,Hardware,7907328.568759749,4884639.348255379,3022689.2205043696
2023-03,20230301,1,Software,8113703.456419118,3973251.921425693,4140451.5349934245
2023-03,20230301,1,Services,6713231.010998824,3784663.835745177,2928567.1752536464
2023-03,20230301,1,Cloud,8110522.859608967,3613648.060071395,4496874.799537572
2023-03,20230301,1,Security,6512326.030194802,3284316.829888604,3228009.200306198
2023-03,20230301,2,Hardware,7151227.892339132,4317568.681944189,2833659.210394943
2023-03,20230301,2,Software,9077841.341256518,4429758.26285407,4648083.0784024475
2023-03,20230301,2,Services,6916605.881779248,3692154.3862919267,3224451.495487321
2023-03,20230301,2,Cloud,8505302.24681728,3563380.1113694953,4941922.135447784
2023-03,20230301,2,Security,7817449.472687855,3937003.5936315237,3880445.8790563317
2023-03,20230301,3,Hardware,8226980.857814315,5145270.545596235,3081710.3122180793
2023-03,20230301,3,Software,8222168.4090749305,3877174.052652938,4344994.356421992
2023-03,20230301,3,Services,6181547.082547166,3541717.191372502,2639829.8911746643
2023-03,20230301,3,Cloud,9251026.246165657,4159236.6798303872,5091789.56633527
2023-03,20230301,3,Security,7020410.289894013,3524983.786499939,3495426.503394074
2023-03,20230301,4,Hardware,8045465.679136232,4907939.482473579,3137526.1966626523
2023-03,20230301,4,Software,9774780.293410944,4480483.352660592,5294296.940750352
2023-03,20230301,4,Services,6601641.331524138,3657131.8464107686,2944509.4851133698
2023-03,20230301,4,Cloud,9989937.402436974,4290367.051327714,5699570.35110926
2023-03,20230301,4,Security,7952323.979307443,3814847.808383592,4137476.170923851
2023-03,20230301,5,Hardware,8531789.852940153,5478004.844728612,3053785.008211541
2023-03,20230301,5,Software,9169313.812759126,4220035.011145141,4949278.801613985
2023-03,20230301,5,Services,7319639.586027503,3930359.663948251,3389279.922079252
2023-03,20230301,5,Cloud,9755954.65142251,4217220.186443054,5538734.464979456
2023-03,20230301,5,Security,8278309.206354499,4303274.38087463,3975034.825479869
2023-03,20230301,6,Hardware,8748834.047979027,5590230.40560998,3158603.642369047
2023-03,20230301,6,Software,10159407.35355123,4826213.526181374,5333193.827369856
2023-03,20230301,6,Services,6724328.179610255,3517937.2482400867,3206390.9313701685
2023-03,20230301,6,Cloud,10545630.906710356,4840905.869275765,5704725.037434592
2023-03,20230301,6,Security,8873983.684681015,4402782.075392406,4471201.609288609
2023-04,20230401,1,Hardware,7401646.129224159,4676768.738629177,2724877.3905949816
2023-04,20230401,1,Software,9089355.932388552,4168325.3603167282,4921030.572071823
2023-04,20230401,1,Services,6573181.436199084,3727313.118572081,2845868.317627003
2023-04,20230401,1,Cloud,8153495.676078371,3552502.8166530826,4600992.859425288
2023-04,20230401,1,Security,6989013.5169652365,3369382.8809974985,3619630.635967738
2023-04,20230401,2,Hardware,7516395.145429634,4584054.349914229,2932340.795515405
2023-04,20230401,2,Software,9026152.037105298,4310288.981072258,4715863.056033039
2023-04,20230401,2,Services,6804781.686150048,3785872.298250321,3018909.387899727
2023-04,20230401,2,Cloud,9080324.981217438,3945235.4960390744,5135089.485178364
2023-04,20230401,2,Security,7022490.849075924,3480423.5795726315,3542067.269503292
2023-04,20230401,3,Hardware,8375793.276676507,5002879.424214713,3372913.8524617935
2023-04,20230401,3,Software,8329572.046614876,4094465.0174040617,4235107.029210814
2023-04,20230401,3,Services,6285159.486727652,3297495.037858787,2987664.448868865
2023-04,20230401,3,Cloud,9548348.430792691,4136881.4756922014,5411466.95510049
2023-04,20230401,3,Security,7097397.515850441,3384926.0331339627,3712471.482716478
2023-04,20230401,4,Hardware,9027874.59778514,5756490.57326987,3271384.0245152693
2023-04,20230401,4,Software,8955333.858923225,4178089.6702224845,4777244.18870074
2023-04,20230401,4,Services,6999140.332383062,4029360.8316162345,2969779.5007668273
2023-04,20230401,4,Cloud,9403505.642702036,4149610.720029171,5253894.922672864
2023-04,20230401,4,Security,8335471.95001845,4103973.0829625013,4231498.867055949
2023-04,20230401,5,Hardware,8639569.6869716,5160036.017931658,3479533.6690399414
2023-04,20230401,5,Software,9546699.815290632,4544829.832649757,5001869.982640875
2023-04,20230401,5,Services,7415841.548253591,3886618.759677267,3529222.788576324
2023-04,20230401,5,Cloud,10543946.712037595,4524756.107546123,6019190.604491472
2023-04,20230401,5,Security,7805705.760768823,3806523.7049896033,3999182.05577922
2023-04,20230401,6,Hardware,8910051.762705855,5445193.2357156165,3464858.5269902386
2023-04,20230401,6,Software,9321139.505009575,4349508.83003999,4971630.674969585
2023-04,20230401,6,Services,7521607.397525824,4202369.5083414335,3319237.88918439
2023-04,20230401,6,Cloud,10561024.477157632,4775140.159707138,5785884.317450494
2023-04,20230401,6,Security,9018803.51558811,4409589.970428271,4609213.545159839
2023-05,20230501,1,Hardware,7306237.200422047,4325568.070308525,2980669.1301135216
2023-05,20230501,1,Software,7600815.971585072,3535976.594959311,4064839.3766257605
2023-05,20230501,1,Services,5724148.026247124,3195663.7605519523,2528484.265695172
2023-05,20230501,1,Cloud,8199465.990030141,3452247.2634872943,4747218.726542846
2023-05,20230501,1,Security,6988752.334308562,3555739.33034135,3433013.003967212
2023-05,20230501,2,Hardware,7667130.736057401,4930715.629948427,2736415.1061089737
2023-05,20230501,2,Software,7832499.0288179545,3905130.5756861544,3927368.4531318
2023-05,20230501,2,Services,6215557.590734671,3343735.050855498,2871822.539879173
2023-05,20230501,2,Cloud,8466103.47132411,3866288.3436936913,4599815.127630419
2023-05,20230501,2,Security,7565508.263479068,3867997.71098036,3697510.552498708
2023-05,20230501,3,Hardware,7796716.568880959,4761914.738911871,3034801.8299690885
2023-05,20230501,3,Software,8021037.760308909,3764521.755707326,4256516.004601583
2023-05,20230501,3,Services,7291608.765556579,3961034.416398398,3330574.3491581813
2023-05,20230501,3,Cloud,8663805.443669109,3808604.697776195,4855200.745892914
2023-05,20230501,3,Security,7473660.928194768,3794538.4928996842,3679122.4352950836
2023-05,20230501,4,Hardware,8213550.1712049935,5320903.099376609,2892647.071828385
2023-05,20230501,4,Software,8899060.345694872,4194406.767736307,4704653.577958564
2023-05,20230501,4,Services,6926626.029835748,3828876.3764083926,3097749.653427355
2023-05,20230501,4,Cloud,8837869.538266815,3719674.093698796,5118195.444568019
2023-05,20230501,4,Security,7236502.204660222,3448912.993091124,3787589.211569098
2023-05,20230501,5,Hardware,8994209.334515868,5822525.668351372,3171683.666164496
2023-05,20230501,5,Software,8579052.681559052,4127091.4971538265,4451961.184405226
2023-05,20230501,5,Services,7390968.60879359,4234016.588236036,3156952.0205575544
2023-05,20230501,5,Cloud,10067181.32666409,4294866.598805672,5772314.727858419
2023-05,20230501,5,Security,8076725.5351985525,4039963.899083556,4036761.6361149964
2023-05,20230501,6,Hardware,8103585.889934583,5001167.868028844,3102418.021905739
2023-05,20230501,6,Software,9611556.944920544,4627988.966125798,4983567.978794745
2023-05,20230501,6,Services,7621525.60660298,4313863.289965572,3307662.316637408
2023-05,20230501,6,Cloud,10137251.222829603,4523489.912604252,5613761.310225351
2023-05,20230501,6,Security,8579303.592681585,4176789.275083675,4402514.31759791
2023-06,20230601,1,Hardware,7016240.21237253,4407411.708785432,2608828.503587098
2023-06,20230601,1,Software,8258919.563366533,3900125.2897117794,4358794.273654753
2023-06,20230601,1,Services,6488322.0143980095,3408005.5573012363,3080316.457096773
2023-06,20230601,1,Cloud,8842192.256019956,3961438.823080464,4880753.432939492
2023-06,20230601,1,Security,6808788.745139205,3482163.0826537493,3326625.6624854556
2023-06,20230601,2,Hardware,7928040.367186843,5044393.205174225,2883647.162012618
2023-06,20230601,2,Software,8706062.493251422,3979722.503025748,4726339.990225675
2023-06,20230601,2,Services,6428641.337245344,3653556.856287961,2775084.4809573833
2023-06,20230601,2,Cloud,8036539.306110428,3647347.948167456,4389191.357942972
2023-06,20230601,2,Security,7105618.656965924,3462672.7316592913,3642945.925306633
2023-06,20230601,3,Hardware,7931660.034409947,4724471.967531752,3207188.066878195
2023-06,20230601,3,Software,7835939.572209594,3840671.094489526,3995268.477720068
2023-06,20230601,3,Services,5922417.4445916815,3359103.441616707,2563314.0029749745
2023-06,20230601,3,Cloud,9298993.06936397,4090255.5415553586,5208737.527808612
2023-06,20230601,3,Security,6970825.800579033,3427066.740852093,3543759.05972694
2023-06,20230601,4,Hardware,8288000.822738903,5047850.70623532,3240150.1165035823
2023-06,20230601,4,Software,8923790.046359554,4277251.25902092,4646538.787338634
2023-06,20230601,4,Services,7078091.88548423,3913708.4593190076,3164383.426165222
2023-06,20230601,4,Cloud,9219319.265589353,4167478.6910494985,5051840.574539854
2023-06,20230601,4,Security,7080060.891455929,3437406.2240082994,3642654.6674476294
2023-06,20230601,5,Hardware,7708559.662828586,4977695.02985378,2730864.6329748062
2023-06,20230601,5,Software,8964682.783078475,4261061.384781248,4703621.398297227
2023-06,20230601,5,Services,6475546.226575756,3454575.42187425,3020970.8047015066
2023-06,20230601,5,Cloud,9115347.32432498,4106972.333954147,5008374.990370833
2023-06,20230601,5,Security,8252873.425522938,4005576.791119929,4247296.634403009
2023-06,20230601,6,Hardware,7735615.690638797,4815373.083105667,2920242.607533131
2023-06,20230601,6,Software,9516946.46024832,4687653.940949579,4829292.519298741
2023-06,20230601,6,Services,7621542.352143497,4322741.499894192,3298800.8522493048
2023-06,20230601,6,Cloud,9865130.554867638,4427417.747286601,5437712.807581037
2023-06,20230601,6,Security,7729286.651301339,3962375.1991928453,3766911.452108494
2023-07,20230701,1,Hardware,7018735.255268195,4322449.222083428,2696286.033184767
2023-07,20230701,1,Software,7768782.154196635,3595792.4968953356,4172989.6573012993
2023-07,20230701,1,Services,5512068.77495104,3105872.7048601652,2406196.0700908746
2023-07,20230701,1,Cloud,7389759.678330955,3364700.4076070306,4025059.2707239245
2023-07,20230701,1,Security,6839709.141599399,3531032.374364387,3308676.7672350123
2023-07,20230701,2,Hardware,6649304.430336056,3955831.3518952806,2693473.0784407756
2023-07,20230701,2,Software,7233201.968830412,3601857.97959497,3631343.989235442
2023-07,20230701,2,Services,5999886.4130061185,3286129.237154676,2713757.1758514424
2023-07,20230701,2,Cloud,7990013.571210059,3451197.5501784342,4538816.021031626
2023-07,20230701,2,Security,6284282.189372122,3201997.383110904,3082284.806261218
2023-07,20230701,3,Hardware,6802142.911179012,4192035.062073921,2610107.849105091
2023-07,20230701,3,Software,8394395.967109228,4005682.5041059623,4388713.463003265
2023-07,20230701,3,Services,6019572.92278073,3231023.9677635706,2788548.955017159
2023-07,20230701,3,Cloud,9024539.598264953,3960998.9241753574,5063540.674089596
2023-07,20230701,3,Security,6874538.122293438,3467879.821434244,3406658.300859194
2023-07,20230701,4,Hardware,7035019.312002314,4370325.324756271,2664693.987246043
2023-07,20230701,4,Software,7845074.9237273205,3861611.27064258,3983463.6530847405
2023-07,20230701,4,Services,6778967.507796772,3799134.0159240854,2979833.4918726864
2023-07,20230701,4,Cloud,8114103.942079748,3519664.6417653593,4594439.300314389
2023-07,20230701,4,Security,7604875.545199177,3895063.210533705,3709812.334665472
2023-07,20230701,5,Hardware,7568283.13043203,4474424.38413505,3093858.7462969804
2023-07,20230701,5,Software,9042724.257196603,4315167.91755574,4727556.339640863
2023-07,20230701,5,Services,6067106.978049401,3246143.703094501,2820963.2749549
2023-07,20230701,5,Cloud,8895113.01007202,3750001.5210803906,5145111.48899163
2023-07,20230701,5,Security,6935504.360419095,3330813.02049188,3604691.3399272147
2023-07,20230701,6,Hardware,7543911.942929893,4594160.016592971,2949751.9263369218
2023-07,20230701,6,Software,9410394.810334694,4559534.26369195,4850860.546642744
2023-07,20230701,6,Services,6188562.452883793,3251015.876993563,2937546.57589023
2023-07,20230701,6,Cloud,9524844.631865969,4064024.689771591,5460819.942094378
2023-07,20230701,6,Security,7976474.435228389,4156340.4209214584,3820134.0143069304
2023-08,20230801,1,Hardware,6566406.235592314,4063970.9283715026,2502435.3072208115
2023-08,20230801,1,Software,6401427.388975001,3098782.0679159556,3302645.3210590454
2023-08,20230801,1,Services,5458574.084223351,2939614.723171206,2518959.3610521453
2023-08,20230801,1,Cloud,7261455.128979886,3194265.0519984085,4067190.0769814774
2023-08,20230801,1,Security,6174217.483487,2937047.4832928185,3237170.000194181
2023-08,20230801,2,Hardware,7003341.860269605,4529772.616900233,2473569.2433693726
2023-08,20230801,2,Software,7727166.415477095,3838971.0650889007,3888195.3503881944
2023-08,20230801,2,Services,5241183.669656142,2956596.4435052956,2284587.226150846
2023-08,20230801,2,Cloud,7943415.819242852,3484139.5704740286,4459276.248768823
2023-08,20230801,2,Security,6344806.88499378,3037116.732349168,3307690.1526446124
2023-08,20230801,3,Hardware,6988794.264160218,4307878.799330546,2680915.464829672
2023-08,20230801,3,Software,7487893.873375262,3513229.9765160317,3974663.8968592305
2023-08,20230801,3,Services,6144649.747278505,3504535.233045824,2640114.514232681
2023-08,20230801,3,Cloud,7894465.995105082,3500303.12092875,4394162.874176333
2023-08,20230801,3,Security,6555861.871882137,3353457.664820163,3202404.207061974
2023-08,20230801,4,Hardware,7132086.361584512,4235399.952889323,2896686.4086951884
2023-08,20230801,4,Software,7056001.83466474,3545111.3668309273,3510890.4678338123
2023-08,20230801,4,Services,6127254.009806013,3241172.102102366,2886081.907703647
2023-08,20230801,4,Cloud,7950134.391254238,3508098.739952131,4442035.651302107
2023-08,20230801,4,Security,6615079.07637683,3378419.177479208,3236659.8988976222
2023-08,20230801,5,Hardware,7423071.539375786,4609187.9321854,2813883.6071903855
2023-08,20230801,5,Software,7984029.472554805,3794664.0143993055,4189365.4581554993
2023-08,20230801,5,Services,6218635.923668449,3352978.306027732,2865657.617640717
2023-08,20230801,5,Cloud,7931799.692007487,3333841.254212893,4597958.437794594
2023-08,20230801,5,Security,6500801.570967898,3281020.7222174993,3219780.8487503985
2023-08,20230801,6,Hardware,7399087.695482283,4452129.424792201,2946958.2706900816
2023-08,20230801,6,Software,8761425.867840398,4150968.1688217963,4610457.699018601
2023-08,20230801,6,Services,5902314.014981854,3298226.7821767754,2604087.2328050784
2023-08,20230801,6,Cloud,8548691.664269788,3758446.898055243,4790244.766214546
2023-08,20230801,6,Security,7109418.9086813135,3469454.909271451,3639963.9994098623
2023-09,20230901,1,Hardware,5745765.872736562,3482085.1928210896,2263680.6799154724
2023-09,20230901,1,Software,6694011.224053,3233486.841336394,3460524.382716606
2023-09,20230901,1,Services,4999802.804474296,2750506.142287361,2249296.662186935
2023-09,20230901,1,Cloud,7286586.129381282,3149109.745326544,4137476.384054738
2023-09,20230901,1,Security,6183283.018043664,3223107.4710991024,2960175.546944562
2023-09,20230901,2,Hardware,5836936.360139195,3547346.916579317,2289589.443559878
2023-09,20230901,2,Software,7302127.955739372,3576735.4499708987,3725392.5057684737
2023-09,20230901,2,Services,4864099.543119099,2609784.6335991216,2254314.9095199774
2023-09,20230901,2,Cloud,7251418.227750831,3034238.8376216334,4217179.390129197
2023-09,20230901,2,Security,5966462.111082297,2847977.0965183848,3118485.014563912
2023-09,20230901,3,Hardware,6195361.673523704,3700644.574080364,2494717.0994433397
2023-09,20230901,3,Software,6932419.000813073,3263748.2017916115,3668670.799021461
2023-09,20230901,3,Services,5698933.208748272,3160738.796730085,2538194.412018187
2023-09,20230901,3,Cloud,7920166.773753481,3402175.829641279,4517990.944112202
2023-09,20230901,3,Security,6188907.98152218,3211823.9906582,2977083.9908639803
2023-09,20230901,4,Hardware,6870415.834685475,4263469.855184385,2606945.97950109
2023-09,20230901,4,Software,7265570.467893721,3580279.018289918,3685291.4496038025
2023-09,20230901,4,Services,5563690.544075198,3027098.8271950996,2536591.716880098
2023-09,20230901,4,Cloud,7977471.810360335,3518626.461096669,4458845.349263666
2023-09,20230901,4,Security,6163039.128921233,3169286.608603167,2993752.5203180662
2023-09,20230901,5,Hardware,7107773.203767871,4594830.919087805,2512942.2846800657
2023-09,20230901,5,Software,7049772.223538855,3229305.7502951436,3820466.4732437115
2023-09,20230901,5,Services,5499377.957246674,3013544.114681552,2485833.842565122
2023-09,20230901,5,Cloud,8386742.0082980525,3657127.7591871233,4729614.24911093
2023-09,20230901,5,Security,6463400.444689054,3276013.039077618,3187387.405611436
2023-09,20230901,6,Hardware,7285270.987051329,4387940.675585885,2897330.311465444
2023-09,20230901,6,Software,7828677.146108557,3820081.346339474,4008595.7997690826
2023-09,20230901,6,Services,5961912.572693805,3226986.1561657274,2734926.416528078
2023-09,20230901,6,Cloud,8882534.02407832,3762997.4372105575,5119536.586867763
2023-09,20230901,6,Security,6910664.452289551,3368556.207967647,3542108.2443219037
2023-10,20231001,1,Hardware,5955454.3536000475,3595151.8609346882,2360302.4926653593
2023-10,20231001,1,Software,6788165.443237128,3189697.084116499,3598468.359120629
2023-10,20231001,1,Services,4814989.546367072,2535555.1224317425,2279434.423935329
2023-10,20231001,1,Cloud,6558088.38226947,2868006.1179964766,3690082.2642729934
2023-10,20231001,1,Security,5693206.123813599,2838421.5740905763,2854784.549723023
2023-10,20231001,2,Hardware,6459918.856873412,3824172.202728655,2635746.6541447565
2023-10,20231001,2,Software,7234353.56952298,3397233.6900425693,3837119.8794804104
2023-10,20231001,2,Services,4982372.179119583,2690285.988499083,2292086.1906205
2023-10,20231001,2,Cloud,6937584.020019547,2943794.782480368,3993789.237539179
2023-10,20231001,2,Security,6158120.615453666,3147995.5319044692,3010125.083549197
2023-10,20231001,3,Hardware,6180438.281628367,3861037.1819994124,2319401.099628954
2023-10,20231001,3,Software,7210664.737532371,3500942.9988529338,3709721.738679437
2023-10,20231001,3,Services,5392804.869318645,2909616.2710914854,2483188.59822716
2023-10,20231001,3,Cloud,7028426.251345265,3032673.5750059793,3995752.6763392854
2023-10,20231001,3,Security,6469436.677512832,3295557.330254143,3173879.347258689
2023-10,20231001,4,Hardware,6878868.056437747,4348662.609479876,2530205.4469578704
2023-10,20231001,4,Software,7254633.813004833,3631396.231030935,3623237.5819738978
2023-10,20231001,4,Services,5408653.742508683,3087301.231113633,2321352.51139505
2023-10,20231001,4,Cloud,7287945.742779545,3141430.62516766,4146515.1176118846
2023-10,20231001,4,Security,5926167.548558381,3076950.416361382,2849217.132196999
2023-10,20231001,5,Hardware,6961918.337012911,4496626.186609979,2465292.1504029324
2023-10,20231001,5,Software,7254400.24833331,3398169.4954081746,3856230.752925135
2023-10,20231001,5,Services,5859390.871573754,3332265.339799238,2527125.5317745158
2023-10,20231001,5,Cloud,7868017.335901831,3555186.540984866,4312830.794916965
2023-10,20231001,5,Security,5994633.390891912,3058703.7888541585,2935929.602037754
2023-10,20231001,6,Hardware,7204420.967815511,4668069.867148406,2536351.100667105
2023-10,20231001,6,Software,7871575.7143803025,3748282.121759979,4123293.5926203234
2023-10,20231001,6,Services,5426736.419966378,2953668.4772989857,2473067.9426673925
2023-10,20231001,6,Cloud,8671498.385242999,3893549.678720043,4777948.706522956
2023-10,20231001,6,Security,7094154.145781654,3520834.056179111,3573320.089602543
2023-11,20231101,1,Hardware,5558337.681809115,3603541.4667493827,1954796.2150597326
2023-11,20231101,1,Software,7101626.580043519,3385196.3916257755,3716430.1884177434
2023-11,20231101,1,Services,4935149.90770945,2614102.798692629,2321047.1090168213
2023-11,20231101,1,Cloud,6953859.072728817,2986866.59020668,3966992.4825221375
2023-11,20231101,1,Security,5961330.937522813,2955947.709962242,3005383.227560571
2023-11,20231101,2,Hardware,5776029.743375736,3425326.7395401928,2350703.0038355435
2023-11,20231101,2,Software,7147339.178791219,3398891.8697771803,3748447.309014039
2023-11,20231101,2,Services,5482540.306997171,2969606.3697658996,2512933.937231271
2023-11,20231101,2,Cloud,6725554.656087705,2915508.6149692293,3810046.0411184756
2023-11,20231101,2,Security,5568095.093768261,2758402.9313927996,2809692.162375462
2023-11,20231101,3,Hardware,6419683.8773573395,3944042.7216070797,2475641.1557502598
2023-11,20231101,3,Software,6942563.97576716,3422113.212121029,3520450.763646131
2023-11,20231101,3,Services,5149061.687247771,2962328.3016732815,2186733.3855744894
2023-11,20231101,3,Cloud,7699769.010489568,3549958.9914926775,4149810.0189968906
2023-11,20231101,3,Security,6436706.935880442,3152564.521516209,3284142.414364233
2023-11,20231101,4,Hardware,6977786.5181856165,4324498.436825423,2653288.081360194
2023-11,20231101,4,Software,6832213.2320490265,3174314.0370411165,3657899.19500791
2023-11,20231101,4,Services,5636130.971939342,3025385.6181780524,2610745.3537612897
2023-11,20231101,4,Cloud,7187655.677064017,3018629.895637816,4169025.7814262016
2023-11,20231101,4,Security,6196149.272977049,2989986.83790303,3206162.4350740192
2023-11,20231101,5,Hardware,6289397.606340754,3826937.167650367,2462460.4386903867
2023-11,20231101,5,Software,8233534.997183189,3767026.212374881,4466508.784808308
2023-11,20231101,5,Services,6107579.538787465,3424160.276368263,2683419.2624192014
2023-11,20231101,5,Cloud,7572289.835810904,3405310.4595344923,4166979.376276412
2023-11,20231101,5,Security,6586273.931980562,3138608.3649983634,3447665.566982199
2023-11,20231101,6,Hardware,6734133.421410462,4246061.504482974,2488071.9169274876
2023-11,20231101,6,Software,7427039.334646331,3687658.6856920635,3739380.6489542676
2023-11,20231101,6,Services,5681453.770067148,3071801.338281316,2609652.4317858317
2023-11,20231101,6,Cloud,7998898.533016351,3399888.2274519927,4599010.305564359
2023-11,20231101,6,Security,7130587.3580608675,3584962.656771739,3545624.7012891285
2023-12,20231201,1,Hardware,6192936.396912018,3886035.3957853005,2306901.0011267173
2023-12,20231201,1,Software,6555410.915193757,3204521.698282924,3350889.216910833
2023-12,20231201,1,Services,5267703.848700464,3007779.243052193,2259924.605648271
2023-12,20231201,1,Cloud,7308340.001808972,3369380.535524815,3938959.4662841572
2023-12,20231201,1,Security,6431333.275179345,3176571.4550247053,3254761.82015464
2023-12,20231201,2,Hardware,6296474.5892879395,3915611.1390198483,2380863.450268091
2023-12,20231201,2,Software,7889828.684695468,3784009.132011557,4105819.5526839113
2023-12,20231201,2,Services,5432558.598445228,3007730.5610681823,2424828.037377046
2023-12,20231201,2,Cloud,8166769.201781164,3713021.4810806448,4453747.720700519
2023-12,20231201,2,Security,6284960.851466343,3245921.6448435974,3039039.2066227454
2023-12,20231201,3,Hardware,6347316.99105787,3984184.869216231,2363132.121841639
2023-12,20231201,3,Software,7024468.733187898,3208807.1564412303,3815661.5767466677
2023-12,20231201,3,Services,6045224.004256294,3277196.1842536265,2768027.8200026676
2023-12,20231201,3,Cloud,8419800.84311074,3610468.3549703145,4809332.488140426
2023-12,20231201,3,Security,5932981.91232905,2861369.0058391294,3071612.9064899203
2023-12,20231201,4,Hardware,7483817.556616261,4508232.232943411,2975585.3236728497
2023-12,20231201,4,Software,7251917.828825326,3493576.227185821,3758341.6016395045
2023-12,20231201,4,Services,6317052.176974532,3606914.989117351,2710137.1878571813
2023-12,20231201,4,Cloud,8305839.64570876,3800100.375030498,4505739.270678262
2023-12,20231201,4,Security,6676717.5658120485,3311894.312983291,3364823.2528287573
2023-12,20231201,5,Hardware,6997861.580655653,4543537.292651331,2454324.288004322
2023-12,20231201,5,Software,7575738.061828851,3799022.7449289323,3776715.3168999185
2023-12,20231201,5,Services,5670114.645684028,3231579.152391453,2438535.4932925752
2023-12,20231201,5,Cloud,8658015.879562493,3725629.240127344,4932386.63943515
2023-12,20231201,5,Security,6802630.175434935,3433853.142255435,3368777.0331794997
2023-12,20231201,6,Hardware,7231269.891190759,4278652.357848038,2952617.533342721
2023-12,20231201,6,Software,8554768.178224,4294031.329072655,4260736.849151344
2023-12,20231201,6,Services,6510720.427195735,3657727.762215448,2852992.664980287
2023-12,20231201,6,Cloud,9356317.237125402,4021320.8015021584,5334996.435623243
2023-12,20231201,6,Security,6531836.317170437,3365570.2149201436,3166266.102250294
2024-01,20240101,1,Hardware,6462416.590667467,4192902.3462785995,2269514.244388867
2024-01,20240101,1,Software,7791616.269212375,3913975.095568608,3877641.1736437674
2024-01,20240101,1,Services,6093914.103826368,3368026.516385824,2725887.5874405443
2024-01,20240101,1,Cloud,8317655.3718833495,3596376.0612616553,4721279.310621694
2024-01,20240101,1,Security,7162603.196421782,3484635.507448869,3677967.6889729127
2024-01,20240101,2,Hardware,7619401.783631539,4734099.925884015,2885301.857747524
2024-01,20240101,2,Software,7580063.975186266,3516072.592370157,4063991.382816109
2024-01,20240101,2,Services,6089849.981895333,3305798.4913612893,2784051.490534044
2024-01,20240101,2,Cloud,8467017.918928195,3823025.1922181216,4643992.726710074
2024-01,20240101,2,Security,6633581.145227983,3186468.139492046,3447113.0057359366
2024-01,20240101,3,Hardware,7903306.629310365,4899254.986939278,3004051.6423710864
2024-01,20240101,3,Software,8856515.744580274,4281730.88358702,4574784.860993254
2024-01,20240101,3,Services,5883345.557642209,3336939.550614882,2546406.0070273275
2024-01,20240101,3,Cloud,8215420.4062179485,3526762.5918848403,4688657.814333108
2024-01,20240101,3,Security,6666305.9755668705,3303629.8495016266,3362676.126065244
2024-01,20240101,4,Hardware,7617652.628940831,4760289.430516305,2857363.1984245256
2024-01,20240101,4,Software,8422484.961293703,4048464.334450304,4374020.626843398
2024-01,20240101,4,Services,6414221.25148951,3651918.6840293747,2762302.567460135
2024-01,20240101,4,Cloud,9333484.21071894,3910999.5196774583,5422484.691041481
2024-01,20240101,4,Security,7339871.139971461,3610660.112275134,3729211.0276963273
2024-01,20240101,5,Hardware,7394806.517008715,4461621.681641207,2933184.835367508
2024-01,20240101,5,Software,9292172.288797399,4603413.708325877,4688758.580471522
2024-01,20240101,5,Services,6903086.130737983,3894940.076195176,3008146.0545428065
2024-01,20240101,5,Cloud,9742213.759987714,4243839.7373585105,5498374.022629203
2024-01,20240101,5,Security,7385546.313539738,3767641.960743279,3617904.3527964586
2024-01,20240101,6,Hardware,8659427.009307628,5552303.802744578,3107123.206563051
2024-01,20240101,6,Software,9884574.565506533,4535696.670896232,5348877.894610301
2024-01,20240101,6,Services,7504066.385248471,4252949.205660523,3251117.179587948
2024-01,20240101,6,Cloud,9383581.171168407,4277548.319670595,5106032.851497812
2024-01,20240101,6,Security,7567313.123736375,3851434.4542854084,3715878.6694509666
2024-02,20240201,1,Hardware,7228439.551257958,4280811.819109062,2947627.732148896
2024-02,20240201,1,Software,8421732.308102645,3939143.1430781814,4482589.165024463
2024-02,20240201,1,Services,5899476.66558342,3231488.737255036,2667987.9283283837
2024-02,20240201,1,Cloud,8525164.394128162,3671428.7133378815,4853735.680790281
2024-02,20240201,1,Security,6552307.547588344,3349083.517117184,3203224.0304711596
2024-02,20240201,2,Hardware,8217723.093794798,5126716.897617562,3091006.196177236
2024-02,20240201,2,Software,8424764.432947328,4095664.0495972177,4329100.383350111
2024-02,20240201,2,Services,6127645.154155274,3478475.459184702,2649169.694970572
2024-02,20240201,2,Cloud,9144475.196031775,3827834.501467859,5316640.694563916
2024-02,20240201,2,Security,7881540.618881819,3833285.5768193044,4048255.0420625145
2024-02,20240201,3,Hardware,7679305.186457938,4926347.691518785,2752957.494939152
2024-02,20240201,3,Software,8955643.263644675,4370780.306967082,4584862.956677592
2024-02,20240201,3,Services,6270414.429090562,3522526.1941140695,2747888.234976493
2024-02,20240201,3,Cloud,8806894.101425307,4038229.64720176,4768664.454223547
2024-02,20240201,3,Security,8174989.322502,4085027.5143569433,4089961.808145057
2024-02,20240201,4,Hardware,8378690.512476083,5326782.950327551,3051907.562148532
2024-02,20240201,4,Software,9506487.46645916,4414563.759795557,5091923.706663604
2024-02,20240201,4,Services,6928163.32020765,3962078.324509021,2966084.995698629
2024-02,20240201,4,Cloud,9689113.795981629,4075968.476249226,5613145.319732403
2024-02,20240201,4,Security,8015551.23985211,3937215.045220068,4078336.1946320417
2024-02,20240201,5,Hardware,9210542.128354417,5703341.246776428,3507200.881577989
2024-02,20240201,5,Software,9179589.57924305,4214234.217976389,4965355.361266661
2024-02,20240201,5,Services,7489498.199435338,4171545.528808305,3317952.6706270333
2024-02,20240201,5,Cloud,9494727.594192576,4210091.39043785,5284636.203754726
2024-02,20240201,5,Security,7736204.18359014,3981545.051380382,3754659.1322097583
2024-02,20240201,6,Hardware,8504923.296375789,5499403.063681165,3005520.232694624
2024-02,20240201,6,Software,10158021.202528875,4994225.31597411,5163795.8865547655
2024-02,20240201,6,Services,7415272.324122545,3879274.9602895784,3535997.363832967
2024-02,20240201,6,Cloud,10362717.515717532,4756825.775107356,5605891.740610177
2024-02,20240201,6,Security,7600477.617586335,3929467.028808228,3671010.588778107
2024-03,20240301,1,Hardware,7883259.694024405,4734673.49478777,3148586.199236635
2024-03,20240301,1,Software,8799749.937131984,4038472.9183607595,4761277.018771225
2024-03,20240301,1,Services,7083235.938893328,3791562.363941329,3291673.5749519994
2024-03,20240301,1,Cloud,9807155.08725054,4188090.51830542,5619064.56894512
2024-03,20240301,1,Security,6865110.573896824,3286684.4188796245,3578426.1550172
2024-03,20240301,2,Hardware,7386696.564266971,4658445.643890063,2728250.920376908
2024-03,20240301,2,Software,9059924.415090501,4524072.33477742,4535852.080313081
2024-03,20240301,2,Services,7358775.289237761,4117472.02242612,3241303.266811641
2024-03,20240301,2,Cloud,10019603.270541716,4468423.75633599,5551179.514205727
2024-03,20240301,2,Security,7952574.964737086,4065454.053359233,3887120.911377853
2024-03,20240301,3,Hardware,8526799.330800679,5450548.804054272,3076250.526746406
2024-03,20240301,3,Software,9170687.890595587,4253826.538110355,4916861.352485232
2024-03,20240301,3,Services,6600688.688080534,3641027.713313406,2959660.9747671285
2024-03,20240301,3,Cloud,10072648.734044867,4299343.902571822,5773304.831473045
2024-03,20240301,3,Security,7407508.177402295,3623352.6149661075,3784155.5624361876
2024-03,20240301,4,Hardware,8716666.215059996,5648043.472036007,3068622.743023989
2024-03,20240301,4,Software,8940205.156062128,4208640.190650554,4731564.965411574
2024-03,20240301,4,Services,7896897.442321646,4371428.5988404015,3525468.8434812445
2024-03,20240301,4,Cloud,10055501.603963241,4479147.538790248,5576354.065172993
2024-03,20240301,4,Security,8091164.009238528,4098257.9508838276,3992906.0583547004
2024-03,20240301,5,Hardware,8834658.244507482,5288285.353579411,3546372.890928071
2024-03,20240301,5,Software,9801939.044546116,4795598.988566099,5006340.055980017
2024-03,20240301,5,Services,6914442.343455038,3861432.7638074607,3053009.5796475774
2024-03,20240301,5,Cloud,10055698.654887356,4329231.800146492,5726466.854740864
2024-03,20240301,5,Security,7963792.298076992,4158635.845507417,3805156.452569575
2024-03,20240301,6,Hardware,9971317.47158826,6183395.225043407,3787922.246544853
2024-03,20240301,6,Software,10235856.750369737,4741509.757242899,5494346.993126838
2024-03,20240301,6,Services,7107192.460292658,3941033.010527921,3166159.449764737
2024-03,20240301,6,Cloud,11264936.11599211,4844831.447340249,6420104.668651861
2024-03,20240301,6,Security,8073921.980014457,3929919.3636078574,4144002.6164066
2024-04,20240401,1,Hardware,8211203.438674383,4915919.803667475,3295283.6350069083
2024-04,20240401,1,Software,9556415.471718349,4688358.704199988,4868056.76751836
2024-04,20240401,1,Services,6720575.406549918,3772248.466104034,2948326.9404458846
2024-04,20240401,1,Cloud,8816223.114515176,4022636.3392353365,4793586.7752798395
2024-04,20240401,1,Security,7979498.20071159,3866371.8319241353,4113126.368787455
2024-04,20240401,2,Hardware,8941110.021479158,5816546.049087592,3124563.9723915653
2024-04,20240401,2,Software,9214789.76616526,4356414.827067234,4858374.939098027
2024-04,20240401,2,Services,7046331.721310708,3822558.7621600227,3223772.959150685
2024-04,20240401,2,Cloud,10155758.328075618,4583442.504153882,5572315.823921735
2024-04,20240401,2,Security,7572441.670086632,3781534.510828283,3790907.1592583484
2024-04,20240401,3,Hardware,7844613.999809463,4649268.935640868,3195345.064168595
2024-04,20240401,3,Software,8559021.234399093,4229499.629084075,4329521.605315018
2024-04,20240401,3,Services,6513980.14422917,3578541.2027369244,2935438.9414922455
2024-04,20240401,3,Cloud,10350945.868941603,4347458.844841743,6003487.02409986
2024-04,20240401,3,Security,8424149.420166958,4262180.235041028,4161969.1851259302
2024-04,20240401,4,Hardware,9046080.93683278,5527180.623518718,3518900.3133140616
2024-04,20240401,4,Software,9494670.841821797,4397427.57750728,5097243.264314517
2024-04,20240401,4,Services,7635230.137185056,4115520.9169958853,3519709.2201891704
2024-04,20240401,4,Cloud,10076306.271023666,4278254.603870889,5798051.667152777
2024-04,20240401,4,Security,8947989.635418534,4581635.347205987,4366354.288212547
2024-04,20240401,5,Hardware,9779755.587652957,6038499.5084133055,3741256.0792396516
2024-04,20240401,5,Software,9940120.52495789,4597448.873905357,5342671.651052533
2024-04,20240401,5,Services,7900342.688445837,4241206.122925773,3659136.565520064
2024-04,20240401,5,Cloud,10026495.95089282,4337496.176429299,5688999.77446352
2024-04,20240401,5,Security,7993680.13974179,4186655.9998805383,3807024.139861251
2024-04,20240401,6,Hardware,8676038.765553545,5625187.548083384,3050851.2174701616
2024-04,20240401,6,Software,10326131.363091106,4876002.313752825,5450129.04933828
2024-04,20240401,6,Services,7269597.8361559715,4137645.126855974,3131952.7092999974
2024-04,20240401,6,Cloud,10051063.192314312,4478519.363555516,5572543.828758796
2024-04,20240401,6,Security,8816796.655777892,4492026.355026877,4324770.300751016
2024-05,20240501,1,Hardware,8524286.002531765,5337695.554384677,3186590.4481470883
2024-05,20240501,1,Software,7960967.505915299,3723569.442613493,4237398.063301805
2024-05,20240501,1,Services,7020992.6062812535,3713852.90193182,3307139.7043494335
2024-05,20240501,1,Cloud,9045933.479338592,4013109.4872783218,5032823.99206027
2024-05,20240501,1,Security,7684180.376565343,4013532.280665676,3670648.0958996667
2024-05,20240501,2,Hardware,8705661.078849064,5263845.314102289,3441815.764746775
2024-05,20240501,2,Software,9089638.927585855,4223398.27703249,4866240.650553365
2024-05,20240501,2,Services,7204674.215829919,4122776.1219821386,3081898.0938477805
2024-05,20240501,2,Cloud,9684709.578664381,4421666.828282351,5263042.75038203
2024-05,20240501,2,Security,7585411.34922429,3694934.5568247377,3890476.792399552
2024-05,20240501,3,Hardware,8466503.3078062,5257163.0339353895,3209340.27387081
2024-05,20240501,3,Software,9343717.36149786,4613755.506367492,4729961.855130369
2024-05,20240501,3,Services,7361933.754577498,4137054.1467835573,3224879.6077939407
2024-05,20240501,3,Cloud,9333820.98944693,3943353.7196378256,5390467.2698091045
2024-05,20240501,3,Security,7247659.498902081,3505920.807228469,3741738.6916736118
2024-05,20240501,4,Hardware,8911308.40462354,5579673.8416698,3331634.5629537404
2024-05,20240501,4,Software,10093875.311136521,4704002.01631433,5389873.294822192
2024-05,20240501,4,Services,7036247.896649783,3901119.1894529513,3135128.7071968312
2024-05,20240501,4,Cloud,10352758.015062256,4629744.573095373,5723013.441966883
2024-05,20240501,4,Security,7913876.641568977,3987172.610615952,3926704.0309530254
2024-05,20240501,5,Hardware,8306555.095022385,5045795.816574125,3260759.2784482604
2024-05,20240501,5,Software,9211704.827764632,4514682.623149143,4697022.20461549
2024-05,20240501,5,Services,7878072.416718904,4390527.461425588,3487544.9552933164
2024-05,20240501,5,Cloud,10748156.455644928,4639955.151530147,6108201.304114781
2024-05,20240501,5,Security,8608874.62429344,4376198.686885455,4232675.937407984
2024-05,20240501,6,Hardware,9244146.758004375,5742648.9221493425,3501497.8358550323
2024-05,20240501,6,Software,10329148.776011774,5093217.510537711,5235931.265474063
2024-05,20240501,6,Services,8094539.276013869,4534500.882132179,3560038.3938816898
2024-05,20240501,6,Cloud,10850562.521410028,4742094.887423206,6108467.633986821
2024-05,20240501,6,Security,9353719.770353813,4910260.468488484,4443459.301865329
2024-06,20240601,1,Hardware,7483429.878336447,4731836.619211691,2751593.259124756
2024-06,20240601,1,Software,8914080.211402042,4270775.152236731,4643305.059165311
2024-06,20240601,1,Services,6150125.09279371,3379579.8712727726,2770545.221520937
2024-06,20240601,1,Cloud,8920449.94777193,3953278.5691961474,4967171.378575781
2024-06,20240601,1,Security,6986649.841203756,3324510.661189235,3662139.180014521
2024-06,20240601,2,Hardware,8331913.764191036,4933239.421684115,3398674.342506921
2024-06,20240601,2,Software,8435865.848859554,4201591.995050369,4234273.853809185
2024-06,20240601,2,Services,6945189.042778774,3711890.230138316,3233298.8126404583
2024-06,20240601,2,Cloud,9233166.009983676,3932952.8225944554,5300213.18738922
2024-06,20240601,2,Security,7374966.572417965,3628370.1660602386,3746596.4063577265
2024-06,20240601,3,Hardware,8548443.08575607,5326500.566292557,3221942.519463514
2024-06,20240601,3,Software,8727172.582580827,4113581.7265335904,4613590.856047237
2024-06,20240601,3,Services,7290488.970301107,3836318.1260568392,3454170.8442442673
2024-06,20240601,3,Cloud,8994716.945222951,3975623.958586202,5019092.9866367495
2024-06,20240601,3,Security,7028647.185034696,3528701.351329512,3499945.833705184
2024-06,20240601,4,Hardware,8342382.482067234,5080708.044366521,3261674.437700713
2024-06,20240601,4,Software,9707269.435334714,4556283.867674628,5150985.567660086
2024-06,20240601,4,Services,6543867.8936485,3752109.973028053,2791757.9206204466
2024-06,20240601,4,Cloud,10026619.516531577,4589683.889980978,5436935.626550599
2024-06,20240601,4,Security,8491002.302320754,4198356.481315466,4292645.8210052885
2024-06,20240601,5,Hardware,8025896.137646883,4839383.054788972,3186513.0828579105
2024-06,20240601,5,Software,9267728.732291684,4480148.903200229,4787579.829091455
2024-06,20240601,5,Services,7519982.262003095,4043263.7482960923,3476718.5137070026
2024-06,20240601,5,Cloud,9703252.333087333,4231079.174710381,5472173.158376952
2024-06,20240601,5,Security,8771378.136284858,4551257.558401404,4220120.577883454
2024-06,20240601,6,Hardware,8469838.398082415,5511267.904139274,2958570.493943141
2024-06,20240601,6,Software,8904561.215551952,4080856.6245309124,4823704.5910210395
2024-06,20240601,6,Services,7737938.452543592,4324592.430992948,3413346.021550644
2024-06,20240601,6,Cloud,10984627.203860784,5018618.902683308,5966008.301177476
2024-06,20240601,6,Security,9039236.792667612,4380232.164235623,4659004.62843199
2024-07,20240701,1,Hardware,6844591.9612810165,4415336.338276772,2429255.6230042446
2024-07,20240701,1,Software,7447712.623678101,3749691.0677064927,3698021.5559716085
2024-07,20240701,1,Services,5914820.307720021,3105971.109245771,2808849.1984742503
2024-07,20240701,1,Cloud,7728563.166297018,3244086.7433534754,4484476.422943542
2024-07,20240701,1,Security,6685461.237279279,3291130.180850909,3394331.05642837
2024-07,20240701,2,Hardware,7291075.383125381,4353802.083923286,2937273.299202095
2024-07,20240701,2,Software,8749330.935678003,4313109.183963893,4436221.75171411
2024-07,20240701,2,Services,6063378.806041318,3457385.252253163,2605993.553788155
2024-07,20240701,2,Cloud,8163238.595307404,3745849.8491913476,4417388.746116057
2024-07,20240701,2,Security,6465632.078557801,3084429.4639715287,3381202.6145862727
2024-07,20240701,3,Hardware,8111247.56331562,5049250.759246401,3061996.804069219
2024-07,20240701,3,Software,8962303.462422814,4231513.221072433,4730790.241350382
2024-07,20240701,3,Services,6734920.21870119,3558337.77370022,3176582.4450009703
2024-07,20240701,3,Cloud,9465580.181530247,4038800.5439366223,5426779.637593624
2024-07,20240701,3,Security,7339077.214464418,3776234.815228007,3562842.399236411
2024-07,20240701,4,Hardware,7852605.954559312,4720661.3043947965,3131944.6501645157
2024-07,20240701,4,Software,8855299.064896772,4131560.944219576,4723738.1206771955
2024-07,20240701,4,Services,6769143.772881228,3697988.110733201,3071155.6621480267
2024-07,20240701,4,Cloud,9388778.36489324,3968615.807473774,5420162.557419467
2024-07,20240701,4,Security,7237837.742776254,3793760.746028443,3444076.9967478113
2024-07,20240701,5,Hardware,8703908.749588123,5658407.5109068435,3045501.238681279
2024-07,20240701,5,Software,9200841.19540994,4448758.707245477,4752082.488164464
2024-07,20240701,5,Services,6626214.57560779,3637546.7757003973,2988667.7999073924
2024-07,20240701,5,Cloud,9748210.899979316,4177644.954105985,5570565.945873331
2024-07,20240701,5,Security,8202418.620285389,4161625.209531705,4040793.410753684
2024-07,20240701,6,Hardware,7877329.530265235,4809765.078020696,3067564.4522445397
2024-07,20240701,6,Software,9537664.523292543,4590331.048443543,4947333.474849001
2024-07,20240701,6,Services,6546975.118780528,3775804.946953584,2771170.171826944
2024-07,20240701,6,Cloud,10235829.174776262,4391252.885197112,5844576.289579149
2024-07,20240701,6,Security,7778251.248872812,3927593.589334957,3850657.659537855
2024-08,20240801,1,Hardware,6434509.231874396,4035505.628852823,2399003.6030215733
2024-08,20240801,1,Software,7436353.490930095,3585844.3107030764,3850509.180227019
2024-08,20240801,1,Services,5357265.217337451,2847003.4308843813,2510261.7864530697
2024-08,20240801,1,Cloud,8004708.765902917,3517511.8278111066,4487196.938091811
2024-08,20240801,1,Security,6654010.5344760725,3246231.626404178,3407778.9080718947
2024-08,20240801,2,Hardware,6347519.886338529,4001197.322641309,2346322.5636972203
2024-08,20240801,2,Software,7379530.550870851,3703492.6916941945,3676037.859176656
2024-08,20240801,2,Services,5432013.902341241,3041133.2513786745,2390880.6509625665
2024-08,20240801,2,Cloud,8102960.396439551,3686863.4921596767,4416096.904279875
2024-08,20240801,2,Security,6293114.416019924,3228687.8920670007,3064426.5239529232
2024-08,20240801,3,Hardware,7385646.13511175,4439668.967631602,2945977.1674801484
2024-08,20240801,3,Software,8085200.959977913,3705549.7484229184,4379651.211554995
2024-08,20240801,3,Services,5632767.25942506,3140476.883925627,2492290.375499433
2024-08,20240801,3,Cloud,8823341.860495742,3846051.489646213,4977290.370849529
2024-08,20240801,3,Security,6916855.843005476,3608481.2200430953,3308374.6229623803
2024-08,20240801,4,Hardware,7512873.906366084,4477112.251760114,3035761.65460597
2024-08,20240801,4,Software,7454935.07543209,3445543.206617049,4009391.868815041
2024-08,20240801,4,Services,5752928.434890595,3153745.4075767137,2599183.0273138816
2024-08,20240801,4,Cloud,7763825.999095043,3250167.839417797,4513658.159677247
2024-08,20240801,4,Security,6762580.212983632,3465687.107732193,3296893.1052514394
2024-08,20240801,5,Hardware,7816476.263856007,4651862.532893182,3164613.730962825
2024-08,20240801,5,Software,8904391.152948137,4095673.44046369,4808717.712484447
2024-08,20240801,5,Services,6734939.729482349,3824176.3884469885,2910763.3410353605
2024-08,20240801,5,Cloud,9183841.196508402,3892435.3955898494,5291405.800918553
2024-08,20240801,5,Security,6938973.0470028585,3589861.2178408722,3349111.8291619862
2024-08,20240801,6,Hardware,7562974.606033212,4780878.377448992,2782096.2285842197
2024-08,20240801,6,Software,9323303.89774389,4427407.08924524,4895896.80849865
2024-08,20240801,6,Services,6566250.83212554,3565081.5779829104,3001169.2541426294
2024-08,20240801,6,Cloud,9045147.542397164,3897262.4305464667,5147885.111850698
2024-08,20240801,6,Security,7342693.600099918,3751455.391187893,3591238.208912025
2024-09,20240901,1,Hardware,6398476.099490761,4144651.592121958,2253824.507368803
2024-09,20240901,1,Software,6985793.084515098,3420719.747180327,3565073.3373347707
2024-09,20240901,1,Services,4970530.963956333,2664787.0468248953,2305743.9171314375
2024-09,20240901,1,Cloud,6780893.006991575,3029271.210019993,3751621.7969715814
2024-09,20240901,1,Security,6500241.283158319,3372427.985289869,3127813.29786845
2024-09,20240901,2,Hardware,6589118.691614264,4215661.541952122,2373457.1496621417
2024-09,20240901,2,Software,7117329.88441976,3384189.517370001,3733140.367049759
2024-09,20240901,2,Services,5465346.711268991,2856253.45620981,2609093.2550591812
2024-09,20240901,2,Cloud,7626174.562780024,3357489.3632478835,4268685.19953214
2024-09,20240901,2,Security,6777877.354334477,3522196.7228212156,3255680.6315132617
2024-09,20240901,3,Hardware,6623175.970340207,3972762.971322217,2650412.99901799
2024-09,20240901,3,Software,8067169.3889779635,3805143.7572229216,4262025.631755042
2024-09,20240901,3,Services,5304504.432581446,2871757.1052952725,2432747.3272861736
2024-09,20240901,3,Cloud,7549530.482483673,3203976.050125941,4345554.432357732
2024-09,20240901,3,Security,6914940.733201369,3439315.3651174395,3475625.368083929
2024-09,20240901,4,Hardware,6444486.643465176,4072905.6984972944,2371580.944967882
2024-09,20240901,4,Software,7989905.688309204,3669148.81084953,4320756.877459673
2024-09,20240901,4,Services,5535617.972673932,2901015.925498202,2634602.04717573
2024-09,20240901,4,Cloud,7625803.091499623,3473626.516030419,4152176.5754692038
2024-09,20240901,4,Security,7171885.092522424,3709004.1590614663,3462880.9334609574
2024-09,20240901,5,Hardware,7209822.923163872,4566605.939295092,2643216.9838687805
2024-09,20240901,5,Software,7395980.6885759225,3669848.5557133653,3726132.132862557
2024-09,20240901,5,Services,6123663.162736809,3433120.704849351,2690542.4578874577
2024-09,20240901,5,Cloud,8087920.915994235,3421430.5827347278,4666490.333259508
2024-09,20240901,5,Security,6951886.829127461,3533162.124063051,3418724.70506441
2024-09,20240901,6,Hardware,7476807.4160122145,4678827.4811591385,2797979.934853076
2024-09,20240901,6,Software,8768323.149428073,4190744.833599794,4577578.315828279
2024-09,20240901,6,Services,5869157.705108157,3081820.033302592,2787337.6718055652
2024-09,20240901,6,Cloud,9064677.542184355,4153640.346968139,4911037.195216216
2024-09,20240901,6,Security,7007251.572990872,3511876.3935545976,3495375.1794362743
2024-10,20241001,1,Hardware,6047516.14833271,3668053.5286421394,2379462.619690571
2024-10,20241001,1,Software,7215834.475216256,3339830.0750054554,3876004.400210801
2024-10,20241001,1,Services,5539184.285570605,3193524.719439132,2345659.5661314726
2024-10,20241001,1,Cloud,7628897.121933929,3389764.7796467626,4239132.342287166
2024-10,20241001,1,Security,5595702.751689187,2819143.990912237,2776558.76077695
2024-10,20241001,2,Hardware,6341738.355896548,3858652.7016665395,2483085.654230009
2024-10,20241001,2,Software,6794460.939085473,3315657.5325050713,3478803.406580402
2024-10,20241001,2,Services,5798181.887254822,3098289.4713498997,2699892.4159049224
2024-10,20241001,2,Cloud,7251288.320206508,3035541.6367669622,4215746.683439545
2024-10,20241001,2,Security,5612743.965383568,2782464.647649906,2830279.3177336617
2024-10,20241001,3,Hardware,6874441.575297576,4050742.2495733327,2823699.3257242437
2024-10,20241001,3,Software,6827835.683392522,3329684.1346771563,3498151.5487153656
2024-10,20241001,3,Services,5791682.649192876,3120078.0981528284,2671604.551040048
2024-10,20241001,3,Cloud,7573615.761282633,3304754.949818433,4268860.8114642
2024-10,20241001,3,Security,5766543.604766162,2993771.3876940347,2772772.2170721274
2024-10,20241001,4,Hardware,7357614.674028752,4627055.859018258,2730558.8150104946
2024-10,20241001,4,Software,7206605.751531563,3382872.5272188443,3823733.2243127185
2024-10,20241001,4,Services,6097304.91921346,3208120.5695474283,2889184.3496660315
2024-10,20241001,4,Cloud,7928254.346428771,3437472.78949238,4490781.556936391
2024-10,20241001,4,Security,6717847.320462443,3505975.7022748827,3211871.6181875602
2024-10,20241001,5,Hardware,7136245.817607535,4581564.064082341,2554681.753525194
2024-10,20241001,5,Software,8276628.664883672,3807246.6577173094,4469382.007166363
2024-10,20241001,5,Services,6130184.314203686,3380979.207849957,2749205.106353729
2024-10,20241001,5,Cloud,7651306.719089292,3259239.433698751,4392067.285390541
2024-10,20241001,5,Security,7141034.22872555,3550691.113228583,3590343.115496967
2024-10,20241001,6,Hardware,7942845.498477239,4982764.801496472,2960080.696980767
2024-10,20241001,6,Software,7871194.299777289,3898065.8436746392,3973128.4561026497
2024-10,20241001,6,Services,6189939.702431356,3385593.2419750984,2804346.460456257
2024-10,20241001,6,Cloud,8758056.480869696,4017896.4019612554,4740160.07890844
2024-10,20241001,6,Security,6902077.002989493,3319288.2456553825,3582788.757334111
2024-11,20241101,1,Hardware,5911083.787182179,3729913.706255803,2181170.0809263764
2024-11,20241101,1,Software,7525946.547921509,3631524.3079501498,3894422.239971359
2024-11,20241101,1,Services,5691044.943369362,3174338.200395564,2516706.7429737975
2024-11,20241101,1,Cloud,7592357.173849309,3430516.9140189383,4161840.2598303705
2024-11,20241101,1,Security,5744716.281197301,2785022.369948482,2959693.911248819
2024-11,20241101,2,Hardware,6414438.354782156,3902454.946037882,2511983.4087442737
2024-11,20241101,2,Software,7387862.358602045,3643098.415982824,3744763.9426192213
2024-11,20241101,2,Services,5271793.083544422,2832552.8097093627,2439240.2738350593
2024-11,20241101,2,Cloud,7061416.798991502,3041176.6748691644,4020240.124122338
2024-11,20241101,2,Security,5713543.763458736,2741614.2507000417,2971929.5127586946
2024-11,20241101,3,Hardware,7208753.73961022,4327738.674081865,2881015.0655283555
2024-11,20241101,3,Software,7631552.955829415,3616895.66430196,4014657.2915274547
2024-11,20241101,3,Services,5625020.901126023,2972544.0015749335,2652476.89955109
2024-11,20241101,3,Cloud,7288486.45495074,3329612.223400153,3958874.2315505864
2024-11,20241101,3,Security,6950875.35494852,3409717.106969329,3541158.2479791907
2024-11,20241101,4,Hardware,6547371.039936164,3936827.592029709,2610543.4479064555
2024-11,20241101,4,Software,7753878.915969828,3703318.602121835,4050560.313847993
2024-11,20241101,4,Services,5469640.969264092,3149690.798368769,2319950.1708953227
2024-11,20241101,4,Cloud,7843437.287988007,3305059.7552209334,4538377.532767074
2024-11,20241101,4,Security,6164191.854735016,3121910.87193755,3042280.9827974658
2024-11,20241101,5,Hardware,7450650.923690112,4404285.676649754,3046365.2470403584
2024-11,20241101,5,Software,7379389.707968071,3615990.655360963,3763399.052607108
2024-11,20241101,5,Services,6186366.488426294,3267650.4456503964,2918716.042775898
2024-11,20241101,5,Cloud,8848800.300245324,3783734.6903484394,5065065.609896885
2024-11,20241101,5,Security,7049082.090452718,3659016.241999423,3390065.8484532945
2024-11,20241101,6,Hardware,7142131.602501699,4339800.712345776,2802330.8901559226
2024-11,20241101,6,Software,8478666.578748688,3880117.610884495,4598548.967864193
2024-11,20241101,6,Services,6728814.4431550475,3687895.4316813513,3040919.011473696
2024-11,20241101,6,Cloud,8388821.70377509,3716375.2470232844,4672446.456751805
2024-11,20241101,6,Security,7188453.603213885,3479350.38678682,3709103.216427065
2024-12,20241201,1,Hardware,6952219.4355836585,4238339.749399352,2713879.6861843066
2024-12,20241201,1,Software,6962958.186690691,3359048.3817711864,3603909.8049195046
2024-12,20241201,1,Services,5268244.945685348,2991853.906633365,2276391.0390519826
2024-12,20241201,1,Cloud,8284335.782901127,3780164.208883153,4504171.574017974
2024-12,20241201,1,Security,5769456.60933038,2921486.9631058355,2847969.646224545
2024-12,20241201,2,Hardware,6776472.6659006635,4056799.141463695,2719673.5244369684
2024-12,20241201,2,Software,7319829.4422426345,3619211.1207110416,3700618.321531593
2024-12,20241201,2,Services,5922245.582263769,3171948.869945972,2750296.7123177964
2024-12,20241201,2,Cloud,7992031.4096998,3426562.0249470277,4565469.384752773
2024-12,20241201,2,Security,6371729.292659659,3160910.6218640935,3210818.6707955655
2024-12,20241201,3,Hardware,7664567.600559275,4658618.919364113,3005948.6811951613
2024-12,20241201,3,Software,8359543.026467464,4122139.864131834,4237403.1623356305
2024-12,20241201,3,Services,5541138.792659159,3022090.242735737,2519048.549923422
2024-12,20241201,3,Cloud,8458533.076373897,3610497.462595585,4848035.613778313
2024-12,20241201,3,Security,6685474.807187681,3332769.2023894037,3352705.6047982774
2024-12,20241201,4,Hardware,7039597.680184434,4426923.184632613,2612674.495551821
2024-12,20241201,4,Software,7443628.411568463,3583718.5003416147,3859909.911226848
2024-12,20241201,4,Services,6497562.619501154,3592719.8858371386,2904842.7336640153
2024-12,20241201,4,Cloud,9056542.57773182,4010379.0227110414,5046163.555020778
2024-12,20241201,4,Security,6801912.1405697595,3298971.436033306,3502940.7045364534
2024-12,20241201,5,Hardware,7554235.51463747,4715913.973703454,2838321.540934016
2024-12,20241201,5,Software,7912799.689437928,3811623.71188226,4101175.9775556675
2024-12,20241201,5,Services,5937365.909914227,3262805.5342524857,2674560.3756617415
2024-12,20241201,5,Cloud,8787832.515833361,3863932.8579404955,4923899.657892866
2024-12,20241201,5,Security,6610756.060666772,3327278.948738642,3283477.1119281296
2024-12,20241201,6,Hardware,8322717.175371421,5285347.343670694,3037369.8317007264
2024-12,20241201,6,Software,8010804.03605619,3660755.7957776603,4350048.240278529
2024-12,20241201,6,Services,6494906.064858904,3652724.7596537597,2842181.3052051445
2024-12,20241201,6,Cloud,9045975.792771509,4125708.1633762727,4920267.629395236
2024-12,20241201,6,Security,7025135.210036485,3591033.2382082213,3434101.971828264
2025-01,20250101,1,Hardware,7423759.208209232,4525183.389746438,2898575.8184627946
2025-01,20250101,1,Software,8743399.875679882,4278030.925286198,4465368.950393684
2025-01,20250101,1,Services,6003928.9011214515,3443453.821576338,2560475.0795451137
2025-01,20250101,1,Cloud,9301559.51289211,3974738.612361855,5326820.900530255
2025-01,20250101,1,Security,6898179.854657213,3583651.1244291,3314528.730228113
2025-01,20250101,2,Hardware,8145969.564612303,4946637.047895309,3199332.5167169943
2025-01,20250101,2,Software,7997120.757020504,3807174.223008547,4189946.5340119572
2025-01,20250101,2,Services,6930682.72123232,3685207.7989984723,3245474.922233848
2025-01,20250101,2,Cloud,8736513.218789576,3943044.5005204966,4793468.718269079
2025-01,20250101,2,Security,6848258.779347779,3537131.051109595,3311127.728238184
2025-01,20250101,3,Hardware,8095035.97832455,5121924.679434553,2973111.2988899974
2025-01,20250101,3,Software,8322288.104529693,3849846.695305986,4472441.409223707
2025-01,20250101,3,Services,6544545.043084405,3481552.8419442573,3062992.201140148
2025-01,20250101,3,Cloud,9647281.982615132,4072221.4369811034,5575060.5456340285
2025-01,20250101,3,Security,7231512.824955739,3524797.907932089,3706714.91702365
2025-01,20250101,4,Hardware,7638460.7885109205,4626032.904067342,3012427.8844435783
2025-01,20250101,4,Software,9082845.54056601,4526799.916997337,4556045.623568674
2025-01,20250101,4,Services,7433516.870259294,4263509.875864201,3170006.994395093
2025-01,20250101,4,Cloud,9382979.217262682,4032027.631119011,5350951.586143671
2025-01,20250101,4,Security,7982457.544055257,4078952.905171474,3903504.638883783
2025-01,20250101,5,Hardware,8943198.25484581,5387170.558201283,3556027.696644526
2025-01,20250101,5,Software,10104195.81228971,4975710.570557785,5128485.241731924
2025-01,20250101,5,Services,6631728.049688646,3746866.6485713013,2884861.4011173444
2025-01,20250101,5,Cloud,10465828.689937524,4491864.809110916,5973963.880826608
2025-01,20250101,5,Security,8013792.93146728,3922353.848451851,4091439.083015429
2025-01,20250101,6,Hardware,8972387.239286287,5475807.948994969,3496579.2902913177
2025-01,20250101,6,Software,10132218.038048757,4920024.927642841,5212193.110405916
2025-01,20250101,6,Services,7393877.922824217,3987831.7969300053,3406046.1258942117
2025-01,20250101,6,Cloud,9876175.976422517,4300798.88031539,5575377.096107126
2025-01,20250101,6,Security,8711452.366938844,4400338.1543506095,4311114.212588235
2025-02,20250201,1,Hardware,7185184.487346458,4382406.068647788,2802778.4186986703
2025-02,20250201,1,Software,8824053.870469904,4426371.691380588,4397682.179089315
2025-02,20250201,1,Services,6231250.440756901,3258765.4088870725,2972485.0318698287
2025-02,20250201,1,Cloud,8967713.524496354,3929753.4474498904,5037960.077046463
2025-02,20250201,1,Security,7245970.996103489,3781675.2743965555,3464295.7217069333
2025-02,20250201,2,Hardware,8809091.442035684,5326640.663575389,3482450.778460295
2025-02,20250201,2,Software,9065778.076606372,4149344.8359715715,4916433.240634801
2025-02,20250201,2,Services,7324163.338398283,4108936.8212526855,3215226.517145598
2025-02,20250201,2,Cloud,9859454.910557298,4367041.930714696,5492412.979842602
2025-02,20250201,2,Security,7179927.973304088,3750885.2517311303,3429042.721572958
2025-02,20250201,3,Hardware,9065942.698898587,5638171.179045601,3427771.5198529866
2025-02,20250201,3,Software,9049926.349120738,4438841.003301645,4611085.345819093
2025-02,20250201,3,Services,7713678.755561905,4451766.553069113,3261912.202492792
2025-02,20250201,3,Cloud,10595028.311886996,4811177.9335212875,5783850.3783657085
2025-02,20250201,3,Security,7818098.643175913,4050242.640711408,3767856.002464505
2025-02,20250201,4,Hardware,7909253.428041581,4949443.55129393,2959809.876747651
2025-02,20250201,4,Software,9683920.868018527,4594888.141597171,5089032.726421355
2025-02,20250201,4,Services,7945688.15120449,4352824.078972946,3592864.072231544
2025-02,20250201,4,Cloud,10290708.367096609,4647409.819422303,5643298.547674306
2025-02,20250201,4,Security,8148703.332759543,4206803.064483551,3941900.268275992
2025-02,20250201,5,Hardware,9070042.39501263,5711405.537622469,3358636.8573901616
2025-02,20250201,5,Software,10081271.736439932,4780753.310444852,5300518.42599508
2025-02,20250201,5,Services,7425058.780646532,3916496.3214829336,3508562.4591635983
2025-02,20250201,5,Cloud,10883095.13959664,4951184.795644363,5931910.343952276
2025-02,20250201,5,Security,7811026.208638682,3807848.8047752054,4003177.4038634766
2025-02,20250201,6,Hardware,9274300.603508223,5703658.37988756,3570642.2236206625
2025-02,20250201,6,Software,9881163.08185319,4717525.308359131,5163637.773494059
2025-02,20250201,6,Services,8435732.057292216,4709785.776329494,3725946.2809627214
2025-02,20250201,6,Cloud,11505674.109682597,4993440.580332382,6512233.529350216
2025-02,20250201,6,Security,8765673.284583712,4184271.460940461,4581401.82364325
2025-03,20250301,1,Hardware,7599522.895520051,4681819.073186575,2917703.8223334756
2025-03,20250301,1,Software,9351066.847664388,4559556.0945204785,4791510.753143909
2025-03,20250301,1,Services,6412369.205895063,3646934.6634941604,2765434.542400902
2025-03,20250301,1,Cloud,10012234.495676551,4215440.505345404,5796793.990331147
2025-03,20250301,1,Security,8091866.619350488,3882629.585846615,4209237.033503873
2025-03,20250301,2,Hardware,8551816.24132686,5371517.953908934,3180298.287417925
2025-03,20250301,2,Software,9050694.33280457,4294918.256183993,4755776.076620577
2025-03,20250301,2,Services,7565459.375292903,4367926.331281762,3197533.044011141
2025-03,20250301,2,Cloud,9232299.121234078,4109987.7104017823,5122311.410832295
2025-03,20250301,2,Security,7991270.023713356,4024659.9757643887,3966610.047948967
2025-03,20250301,3,Hardware,8877209.923790932,5327356.370714617,3549853.5530763147
2025-03,20250301,3,Software,8892822.024104545,4167631.7416313696,4725190.282473175
2025-03,20250301,3,Services,7751289.13550629,4211475.796504276,3539813.339002014
2025-03,20250301,3,Cloud,9310026.043100853,4117661.5236582244,5192364.519442628
2025-03,20250301,3,Security,7747062.952938081,3921947.3333718376,3825115.619566243
2025-03,20250301,4,Hardware,9316462.275288386,5971515.852779072,3344946.4225093145
2025-03,20250301,4,Software,9570834.459118996,4622343.604414674,4948490.854704321
2025-03,20250301,4,Services,7717813.509024282,4411122.863400286,3306690.645623996
2025-03,20250301,4,Cloud,10601956.588855837,4607366.785179088,5994589.803676749
2025-03,20250301,4,Security,9069954.184505964,4451265.838832555,4618688.345673408
2025-03,20250301,5,Hardware,9506258.133228572,6045376.259252511,3460881.873976061
2025-03,20250301,5,Software,10443782.936518455,5090494.448048784,5353288.4884696705
2025-03,20250301,5,Services,8393283.231027104,4650518.831444904,3742764.3995821998
2025-03,20250301,5,Cloud,10346657.618065616,4684803.489619938,5661854.128445678
2025-03,20250301,5,Security,8357314.470692158,4368298.862142288,3989015.6085498696
2025-03,20250301,6,Hardware,9108476.968485603,5607356.814490757,3501120.153994846
2025-03,20250301,6,Software,10951978.714409534,5337323.28454005,5614655.429869484
2025-03,20250301,6,Services,8462929.640272876,4748569.682942288,3714359.9573305883
2025-03,20250301,6,Cloud,11802475.103796238,5428814.9567913925,6373660.147004846
2025-03,20250301,6,Security,8547404.320762519,4448379.406077264,4099024.914685255
2025-04,20250401,1,Hardware,8423562.918189982,5059387.758690346,3364175.159499636
2025-04,20250401,1,Software,8593281.826428702,4108418.5566077363,4484863.269820966
2025-04,20250401,1,Services,6945737.239320194,3915101.8087313273,3030635.430588867
2025-04,20250401,1,Cloud,9156637.109320808,4184238.5362262926,4972398.573094515
2025-04,20250401,1,Security,8209094.475543149,4033999.608449125,4175094.8670940236
2025-04,20250401,2,Hardware,8216894.553289388,5235782.93074486,2981111.622544528
2025-04,20250401,2,Software,10032138.72909507,4640519.438085974,5391619.2910090955
2025-04,20250401,2,Services,7297050.898894903,3975145.1317964937,3321905.7670984096
2025-04,20250401,2,Cloud,9647259.425750054,4059083.9544856474,5588175.471264407
2025-04,20250401,2,Security,7862985.14337127,3861113.7158522154,4001871.4275190546
2025-04,20250401,3,Hardware,8647183.600186491,5404813.776531239,3242369.8236552523
2025-04,20250401,3,Software,10278627.071655856,4810942.184785786,5467684.88687007
2025-04,20250401,3,Services,7814987.8328175135,4430551.8369787065,3384435.995838807
2025-04,20250401,3,Cloud,10129961.542469665,4413080.26203797,5716881.280431695
2025-04,20250401,3,Security,9145744.938556826,4582388.864147829,4563356.074408997
2025-04,20250401,4,Hardware,9264561.244800102,5713317.367248966,3551243.8775511356
2025-04,20250401,4,Software,10711328.326594267,4926466.494900858,5784861.831693409
2025-04,20250401,4,Services,7723365.886605917,4051090.1992528616,3672275.687353055
2025-04,20250401,4,Cloud,10891501.421873977,4889139.2236259235,6002362.198248054
2025-04,20250401,4,Security,8303997.58413921,4057510.8678018963,4246486.716337314
2025-04,20250401,5,Hardware,9191362.74794649,5750885.392758273,3440477.355188217
2025-04,20250401,5,Software,10234052.227860652,4975948.73756099,5258103.490299662
2025-04,20250401,5,Services,7826723.838093929,4321977.176585613,3504746.661508316
2025-04,20250401,5,Cloud,10171603.423938863,4255413.766398411,5916189.657540452
2025-04,20250401,5,Security,8586849.48897158,4110207.24225048,4476642.2467211
2025-04,20250401,6,Hardware,9167445.287124075,5934107.9712899085,3233337.3158341665
2025-04,20250401,6,Software,9994243.142716033,4747200.037952553,5247043.104763481
2025-04,20250401,6,Services,8766933.025265643,4951954.644723792,3814978.3805418517
2025-04,20250401,6,Cloud,11162224.147168767,5039132.757955815,6123091.389212952
2025-04,20250401,6,Security,8846350.456118012,4299399.5408862205,4546950.915231791
2025-05,20250501,1,Hardware,7706399.169119033,4619339.966902837,3087059.202216196
2025-05,20250501,1,Software,9348414.505634563,4543333.71307403,4805080.792560533
2025-05,20250501,1,Services,7511723.074440816,4241554.371286068,3270168.7031547483
2025-05,20250501,1,Cloud,8791778.928997595,3787915.206280524,5003863.722717071
2025-05,20250501,1,Security,8242243.972654254,4299869.841039757,3942374.131614497
2025-05,20250501,2,Hardware,8918447.502844386,5738529.850501411,3179917.652342975
2025-05,20250501,2,Software,9081962.063519314,4472135.427602587,4609826.635916727
2025-05,20250501,2,Services,7150316.359319218,4091268.3110790947,3059048.048240124
2025-05,20250501,2,Cloud,9995525.34714485,4312203.033352502,5683322.313792348
2025-05,20250501,2,Security,7539238.726948022,3859541.404019537,3679697.322928485
2025-05,20250501,3,Hardware,9106412.996188704,5366086.170565496,3740326.8256232077
2025-05,20250501,3,Software,9111139.62079329,4351380.1761271525,4759759.444666138
2025-05,20250501,3,Services,6846782.059713579,3774878.7747232476,3071903.284990331
2025-05,20250501,3,Cloud,9441453.41332854,4107400.0565644726,5334053.356764067
2025-05,20250501,3,Security,8162941.131822577,3912395.709470333,4250545.422352243
2025-05,20250501,4,Hardware,8581167.815519992,5125795.050927212,3455372.76459278
2025-05,20250501,4,Software,10679598.964866098,4872692.084117523,5806906.880748575
2025-05,20250501,4,Services,7692953.0890234895,4059350.7715879297,3633602.31743556
2025-05,20250501,4,Cloud,9874069.78463018,4539595.070045908,5334474.714584271
2025-05,20250501,4,Security,8924716.129759727,4361210.909729946,4563505.220029781
2025-05,20250501,5,Hardware,8596008.317318738,5531345.301381661,3064663.015937077
2025-05,20250501,5,Software,10151153.161191633,4843611.382225764,5307541.778965869
2025-05,20250501,5,Services,8172128.838643525,4560613.6961663915,3611515.1424771333
2025-05,20250501,5,Cloud,10871590.648723224,4768253.329240186,6103337.319483038
2025-05,20250501,5,Security,9058302.329471737,4610048.637519739,4448253.6919519985
2025-05,20250501,6,Hardware,9453511.65915928,5639416.038054697,3814095.621104583
2025-05,20250501,6,Software,10178076.238011269,5002942.999501157,5175133.238510112
2025-05,20250501,6,Services,8788776.408230785,4950338.335131835,3838438.07309895
2025-05,20250501,6,Cloud,11188255.875878653,4788011.061410627,6400244.814468025
2025-05,20250501,6,Security,9263176.607222892,4843993.890085212,4419182.71713768
2025-06,20250601,1,Hardware,7557414.503358749,4718251.4427120285,2839163.06064672
2025-06,20250601,1,Software,9043716.703767736,4215217.818277756,4828498.88548998
2025-06,20250601,1,Services,7100399.04530031,3885937.185598488,3214461.8597018216
2025-06,20250601,1,Cloud,9144616.978769094,4164658.276780364,4979958.70198873
2025-06,20250601,1,Security,7727514.262742703,3933238.775756041,3794275.486986662
2025-06,20250601,2,Hardware,7750857.007661784,4761107.525919294,2989749.48174249
2025-06,20250601,2,Software,9654497.285517339,4524851.801256806,5129645.484260533
2025-06,20250601,2,Services,6704580.560908684,3509543.8047803477,3195036.756128336
2025-06,20250601,2,Cloud,8942723.56073389,3958975.4219590416,4983748.138774849
2025-06,20250601,2,Security,8154649.189829094,4168072.110509292,3986577.079319802
2025-06,20250601,3,Hardware,8164664.62833753,4855344.098522427,3309320.529815104
2025-06,20250601,3,Software,8825044.044814453,4296711.345246254,4528332.699568199
2025-06,20250601,3,Services,6706968.527221724,3512960.98372291,3194007.5434988146
2025-06,20250601,3,Cloud,8933772.608037522,3884072.5671293577,5049700.040908164
2025-06,20250601,3,Security,7530152.757459109,3844738.8869259534,3685413.8705331553
2025-06,20250601,4,Hardware,8262731.027433756,5139993.111433951,3122737.9159998046
2025-06,20250601,4,Software,10142776.338548273,4946102.531576146,5196673.8069721265
2025-06,20250601,4,Services,7665996.751320473,4053421.2217291608,3612575.529591312
2025-06,20250601,4,Cloud,9816700.623104425,4107682.8476418215,5709017.775462603
2025-06,20250601,4,Security,7644615.484278227,3942286.411269579,3702329.073008648
2025-06,20250601,5,Hardware,9503013.226099314,6056541.54135448,3446471.684744834
2025-06,20250601,5,Software,9146715.2020233,4270113.103864375,4876602.098158925
2025-06,20250601,5,Services,6984502.439018424,3872400.5187472682,3112101.9202711554
2025-06,20250601,5,Cloud,10362752.48674477,4735622.453864932,5627130.032879839
2025-06,20250601,5,Security,9034758.3587125,4708951.630007724,4325806.728704776
2025-06,20250601,6,Hardware,9432378.758145202,5796340.7303354675,3636038.0278097345
2025-06,20250601,6,Software,10929303.569044577,5042208.488367814,5887095.080676763
2025-06,20250601,6,Services,7186070.596789412,4030907.263785109,3155163.3330043033
2025-06,20250601,6,Cloud,10016848.79512557,4192202.1055436363,5824646.689581934
2025-06,20250601,6,Security,8746274.99231311,4506060.331168684,4240214.661144425
2025-07,20250701,1,Hardware,7717613.158797374,4800114.362041467,2917498.796755907
2025-07,20250701,1,Software,8665429.423643498,4360124.215257762,4305305.208385736
2025-07,20250701,1,Services,6681539.965559824,3807884.563951379,2873655.401608445
2025-07,20250701,1,Cloud,8704519.948374605,3775368.0862133186,4929151.862161286
2025-07,20250701,1,Security,7366874.636318996,3672676.337296942,3694198.299022054
2025-07,20250701,2,Hardware,7341481.539783739,4555143.595032449,2786337.9447512897
2025-07,20250701,2,Software,8050151.13253204,3678627.7014437597,4371523.43108828
2025-07,20250701,2,Services,6037809.289632046,3305601.187677637,2732208.1019544085
2025-07,20250701,2,Cloud,8366675.46903796,3799052.6718523656,4567622.797185594
2025-07,20250701,2,Security,6858581.616044354,3463768.3208302553,3394813.2952140984
2025-07,20250701,3,Hardware,8466891.156877348,5350250.944188356,3116640.212688992
2025-07,20250701,3,Software,8619445.447154142,4289726.367804028,4329719.079350114
2025-07,20250701,3,Services,6513721.368153871,3722925.2936028168,2790796.0745510543
2025-07,20250701,3,Cloud,8746176.886311771,3750241.5421351995,4995935.344176572
2025-07,20250701,3,Security,7318672.876454507,3657982.477907338,3660690.398547169
2025-07,20250701,4,Hardware,8127818.272568847,5221663.758466574,2906154.5141022727
2025-07,20250701,4,Software,9487627.930035284,4655272.09122354,4832355.838811744
2025-07,20250701,4,Services,7050207.76385459,3939796.271389547,3110411.4924650434
2025-07,20250701,4,Cloud,9275257.569340447,4164462.171312483,5110795.398027964
2025-07,20250701,4,Security,8411704.669501701,4321693.493778317,4090011.175723384
2025-07,20250701,5,Hardware,8157722.9132098975,4984752.812976193,3172970.100233705
2025-07,20250701,5,Software,10141276.285853742,4863037.145172045,5278239.140681697
2025-07,20250701,5,Services,6870192.016981889,3844171.0771587878,3026020.939823101
2025-07,20250701,5,Cloud,9966086.900062678,4343595.427677805,5622491.472384874
2025-07,20250701,5,Security,7317257.272570915,3565719.6575397598,3751537.615031155
2025-07,20250701,6,Hardware,8765532.747042647,5447973.914173442,3317558.8328692047
2025-07,20250701,6,Software,9866691.259616164,4639677.128300081,5227014.1313160835
2025-07,20250701,6,Services,6809762.755663204,3706530.266691779,3103232.488971425
2025-07,20250701,6,Cloud,9570001.413809747,4290109.053098256,5279892.360711491
2025-07,20250701,6,Security,8011826.266613578,3889860.1733187977,4121966.0932947807
2025-08,20250801,1,Hardware,7220434.645489985,4592359.199305005,2628075.4461849798
2025-08,20250801,1,Software,8143681.091083447,3714216.0390934353,4429465.051990012
2025-08,20250801,1,Services,5841654.783759465,3101275.189011945,2740379.5947475205
2025-08,20250801,1,Cloud,7621283.524281038,3277764.520521356,4343519.003759682
2025-08,20250801,1,Security,6412450.137616853,3212991.3854282335,3199458.7521886197
2025-08,20250801,2,Hardware,7243592.564111544,4447604.890522025,2795987.673589519
2025-08,20250801,2,Software,8630675.1141894,4348848.582802933,4281826.531386467
2025-08,20250801,2,Services,5879618.795726539,3078250.468630245,2801368.3270962937
2025-08,20250801,2,Cloud,8181209.002420566,3676995.963449264,4504213.038971302
2025-08,20250801,2,Security,7388297.363055672,3716303.514823969,3671993.8482317026
2025-08,20250801,3,Hardware,7403096.558370793,4604560.5673426865,2798535.991028107
2025-08,20250801,3,Software,8942896.098583333,4231712.42815846,4711183.670424873
2025-08,20250801,3,Services,6714805.821113633,3677834.8094497854,3036971.0116638476
2025-08,20250801,3,Cloud,9395543.40652659,3978152.987995712,5417390.418530878
2025-08,20250801,3,Security,7454799.08037652,3797670.4885077453,3657128.5918687745
2025-08,20250801,4,Hardware,7816390.044168869,4876636.214406669,2939753.8297622
2025-08,20250801,4,Software,8847309.480570573,4239614.683274124,4607694.79729645
2025-08,20250801,4,Services,5985555.502519113,3423420.9505181657,2562134.5520009473
2025-08,20250801,4,Cloud,8455909.526763508,3844199.1628894964,4611710.363874012
2025-08,20250801,4,Security,6730732.727710727,3238722.6424427633,3492010.0852679634
2025-08,20250801,5,Hardware,8117968.958727301,5095318.581519058,3022650.377208243
2025-08,20250801,5,Software,8503105.218936097,3885812.757474888,4617292.461461209
2025-08,20250801,5,Services,6896680.107002873,3822561.1121167056,3074118.9948861673
2025-08,20250801,5,Cloud,9517928.506704198,4140765.6196152964,5377162.887088902
2025-08,20250801,5,Security,8152241.56713297,4260938.003554925,3891303.563578045
2025-08,20250801,6,Hardware,7756689.99092253,5031259.187366579,2725430.8035559515
2025-08,20250801,6,Software,8840780.456634564,4128761.182201263,4712019.274433302
2025-08,20250801,6,Services,6783241.790662097,3595358.3541819947,3187883.436480102
2025-08,20250801,6,Cloud,8708971.793581551,3740624.9361820333,4968346.857399518
2025-08,20250801,6,Security,7430382.833440793,3667030.8466987177,3763351.986742075
2025-09,20250901,1,Hardware,6386389.483615249,3932826.6076756953,2453562.875939554
2025-09,20250901,1,Software,7294554.2082723845,3359782.0267213536,3934772.181551031
2025-09,20250901,1,Services,5610095.750682241,3191394.08278734,2418701.6678949012
2025-09,20250901,1,Cloud,7370068.941219975,3267491.3217984512,4102577.619421524
2025-09,20250901,1,Security,6297577.564773341,3000997.0153857665,3296580.549387574
2025-09,20250901,2,Hardware,6459651.326312665,3858899.8530367604,2600751.4732759045
2025-09,20250901,2,Software,7515200.252864038,3619129.315749276,3896070.9371147617
2025-09,20250901,2,Services,5681724.340229086,3178863.388686856,2502860.95154223
2025-09,20250901,2,Cloud,7476146.256160231,3135279.8762597484,4340866.379900483
2025-09,20250901,2,Security,6992548.845359917,3649746.36856308,3342802.4767968366
2025-09,20250901,3,Hardware,7416305.815507698,4460948.528278003,2955357.2872296944
2025-09,20250901,3,Software,8304899.287050101,4055566.043094893,4249333.243955208
2025-09,20250901,3,Services,6112226.78933572,3273818.8091264907,2838407.9802092295
2025-09,20250901,3,Cloud,8760008.55608988,3719166.118337734,5040842.437752146
2025-09,20250901,3,Security,6319909.264549913,3185416.598581984,3134492.6659679287
2025-09,20250901,4,Hardware,7556896.744065931,4839892.5149571635,2717004.2291087676
2025-09,20250901,4,Software,8164139.878365747,4031077.723839115,4133062.154526632
2025-09,20250901,4,Services,6654680.3103461545,3519246.1409925907,3135434.169353564
2025-09,20250901,4,Cloud,8802833.394012732,3957903.0082322354,4844930.3857804965
2025-09,20250901,4,Security,6831244.315330027,3469843.587453732,3361400.727876295
2025-09,20250901,5,Hardware,7555869.058268491,4528530.3945286125,3027338.6637398787
2025-09,20250901,5,Software,8191044.7296466725,3998526.6674748957,4192518.062171777
2025-09,20250901,5,Services,6826822.375504881,3634061.6161159878,3192760.7593888934
2025-09,20250901,5,Cloud,8803644.2801144,4067224.5495613096,4736419.73055309
2025-09,20250901,5,Security,7581779.522384152,3798471.715082676,3783307.8073014757
2025-09,20250901,6,Hardware,7430813.770048388,4517522.945641633,2913290.824406755
2025-09,20250901,6,Software,8679536.191495782,4096162.0914892014,4583374.10000658
2025-09,20250901,6,Services,6451090.27454505,3679035.890906143,2772054.383638907
2025-09,20250901,6,Cloud,8317393.464640208,3667326.048861657,4650067.415778551
2025-09,20250901,6,Security,7639251.690204963,3894288.8244424514,3744962.8657625117
2025-10,20251001,1,Hardware,6646000.842212381,4321494.770522471,2324506.0716899103
2025-10,20251001,1,Software,7767650.09965992,3818467.2267096364,3949182.8729502833
2025-10,20251001,1,Services,5586391.402674673,3113969.666814869,2472421.7358598043
2025-10,20251001,1,Cloud,7909027.390360703,3448910.5794222252,4460116.8109384775
2025-10,20251001,1,Security,5799821.349964433,2823331.8342842613,2976489.515680172
2025-10,20251001,2,Hardware,6697838.007663803,4232103.6376129575,2465734.3700508457
2025-10,20251001,2,Software,7958330.142129237,3631745.0372523065,4326585.10487693
2025-10,20251001,2,Services,5573769.140753187,2941954.777850495,2631814.362902692
2025-10,20251001,2,Cloud,7550487.660947314,3184687.2548990967,4365800.406048218
2025-10,20251001,2,Security,6871607.322389307,3606220.7152976454,3265386.607091662
2025-10,20251001,3,Hardware,6781898.496465995,4291448.146450542,2490450.350015453
2025-10,20251001,3,Software,7237200.287650938,3641573.0244797897,3595627.2631711485
2025-10,20251001,3,Services,6358486.109388655,3541414.5437843776,2817071.5656042774
2025-10,20251001,3,Cloud,8756322.40221295,3735326.1294153347,5020996.272797614
2025-10,20251001,3,Security,7082230.571382989,3693749.288104946,3388481.2832780434
2025-10,20251001,4,Hardware,7228266.767058339,4698000.1096602,2530266.657398139
2025-10,20251001,4,Software,8581545.45242677,4214994.3153934805,4366551.13703329
2025-10,20251001,4,Services,5793060.571730754,3230258.679961616,2562801.891769138
2025-10,20251001,4,Cloud,8618916.725129433,3716498.965242541,4902417.7598868925
2025-10,20251001,4,Security,6299874.728152798,3187310.2543703015,3112564.473782496
2025-10,20251001,5,Hardware,7661050.606097597,4846304.561800703,2814746.0442968933
2025-10,20251001,5,Software,8632916.526388558,4175687.1737234923,4457229.352665065
2025-10,20251001,5,Services,5954660.824484767,3402637.2083387515,2552023.616146016
2025-10,20251001,5,Cloud,7888131.217224226,3316308.2596109333,4571822.957613293
2025-10,20251001,5,Security,7294421.571540722,3590207.683964715,3704213.887576007
2025-10,20251001,6,Hardware,8153821.813497174,5238066.962161692,2915754.8513354817
2025-10,20251001,6,Software,8723112.971236696,4333518.899370979,4389594.071865718
2025-10,20251001,6,Services,6832147.935521756,3782578.124254058,3049569.811267698
2025-10,20251001,6,Cloud,8472015.0211235,3628089.3357646856,4843925.685358815
2025-10,20251001,6,Security,7290458.999209003,3785348.868532208,3505110.130676795
2025-11,20251101,1,Hardware,6791382.712218937,4243613.389501295,2547769.3227176424
2025-11,20251101,1,Software,7704208.904348905,3810475.4550139997,3893733.4493349055
2025-11,20251101,1,Services,5706635.25357011,3156449.1888389955,2550186.064731114
2025-11,20251101,1,Cloud,7148839.4528867435,3112913.411428806,4035926.0414579376
2025-11,20251101,1,Security,5881810.399742477,3033800.974840759,2848009.424901718
2025-11,20251101,2,Hardware,6979355.85930791,4485593.196645875,2493762.662662035
2025-11,20251101,2,Software,7951742.294955966,3796957.495999181,4154784.798956785
2025-11,20251101,2,Services,6306928.411503117,3573893.8204814484,2733034.591021668
2025-11,20251101,2,Cloud,7874804.594566297,3552347.867553085,4322456.727013212
2025-11,20251101,2,Security,6626212.705685733,3416097.8231096314,3210114.8825761015
2025-11,20251101,3,Hardware,7663276.1026884075,4597345.974122945,3065930.1285654623
2025-11,20251101,3,Software,7648707.742717006,3626613.5488292333,4022094.193887773
2025-11,20251101,3,Services,6197762.9462083075,3458179.344676575,2739583.6015317324
2025-11,20251101,3,Cloud,8610535.684705947,3911692.0352993403,4698843.649406606
2025-11,20251101,3,Security,6773649.69889423,3453355.2049024813,3320294.4939917484
2025-11,20251101,4,Hardware,7380812.051330831,4610712.27086885,2770099.780461981
2025-11,20251101,4,Software,7761591.614130333,3572711.2415231797,4188880.3726071534
2025-11,20251101,4,Services,6233008.495804611,3477494.286370662,2755514.2094339486
2025-11,20251101,4,Cloud,8448344.815457596,3818889.749716841,4629455.065740755
2025-11,20251101,4,Security,7001930.83360801,3354759.2793771313,3647171.5542308786
2025-11,20251101,5,Hardware,7789393.98606554,4790611.126542423,2998782.8595231175
2025-11,20251101,5,Software,7735943.514110411,3867068.6711552395,3868874.842955171
2025-11,20251101,5,Services,5875242.608791658,3378249.2183819553,2496993.3904097024
2025-11,20251101,5,Cloud,8075069.125375956,3408767.7140245717,4666301.411351385
2025-11,20251101,5,Security,7076265.448566316,3577245.173222968,3499020.275343348
2025-11,20251101,6,Hardware,8278675.169925292,4993182.891610645,3285492.2783146473
2025-11,20251101,6,Software,9178173.917789409,4594176.467933721,4583997.449855688
2025-11,20251101,6,Services,6986921.8537917,3889390.0062180366,3097531.847573663
2025-11,20251101,6,Cloud,8361548.4946472095,3768945.195121051,4592603.299526159
2025-11,20251101,6,Security,7859993.159731094,3871321.8742187046,3988671.285512389
2025-12,20251201,1,Hardware,7262915.130659163,4661547.010930405,2601368.119728758
2025-12,20251201,1,Software,8299198.383654146,3994014.053051967,4305184.330602179
2025-12,20251201,1,Services,5653206.025738615,3202121.7179946126,2451084.307744002
2025-12,20251201,1,Cloud,8161633.429686407,3433219.7083984185,4728413.721287988
2025-12,20251201,1,Security,6939127.96075248,3306649.7454092177,3632478.215343262
2025-12,20251201,2,Hardware,7548921.567802338,4453481.4784086365,3095440.0893937014
2025-12,20251201,2,Software,7545482.258884102,3600779.637691672,3944702.62119243
2025-12,20251201,2,Services,5728076.366330415,3216896.698771628,2511179.667558787
2025-12,20251201,2,Cloud,8360787.468730635,3524156.97422519,4836630.494505445
2025-12,20251201,2,Security,6847758.830238735,3433583.726014071,3414175.104224664
2025-12,20251201,3,Hardware,7866169.515766613,4690151.463291672,3176018.052474941
2025-12,20251201,3,Software,8703751.385914143,4193365.22402076,4510386.161893383
2025-12,20251201,3,Services,6585856.304519171,3531297.8178277314,3054558.4866914395
2025-12,20251201,3,Cloud,9367166.23664338,4296526.5415846575,5070639.695058722
2025-12,20251201,3,Security,7204133.2572339345,3455742.837033414,3748390.4202005207
2025-12,20251201,4,Hardware,7474945.537800631,4787419.886517939,2687525.6512826914
2025-12,20251201,4,Software,8410461.429042807,3960047.23733979,4450414.191703017
2025-12,20251201,4,Services,6935130.817381745,3707094.7097027074,3228036.107679038
2025-12,20251201,4,Cloud,9645872.478096861,4283586.199804254,5362286.2782926075
2025-12,20251201,4,Security,7085574.982919663,3719919.9784395155,3365655.0044801477
2025-12,20251201,5,Hardware,8196562.590248248,5104305.267909324,3092257.322338924
2025-12,20251201,5,Software,8200922.732805551,3963028.805270139,4237893.927535412
2025-12,20251201,5,Services,6620250.03846644,3802794.858560649,2817455.1799057904
2025-12,20251201,5,Cloud,9319598.558025086,4303189.668221819,5016408.889803267
2025-12,20251201,5,Security,7973684.245659592,3886094.947009605,4087589.2986499867
2025-12,20251201,6,Hardware,7538022.879251039,4754523.527361292,2783499.3518897463
2025-12,20251201,6,Software,8663446.243672183,4323967.208849083,4339479.0348231
2025-12,20251201,6,Services,7128445.347926024,3900297.2658275515,3228148.082098473
2025-12,20251201,6,Cloud,9329685.656965127,4132397.459079593,5197288.197885534
2025-12,20251201,6,Security,7199309.4325527,3451293.355236015,3748016.077316685
